action,orgId,zipCode,zipCodePrefix,country,state,city,latitude,longitude,timeZone
CREATE,CTPPT,90005,900,US,CA,Los Angeles,34.05912,-118.30654,America/Los_Angeles
CREATE,CTPPT,90006,900,US,CA,Los Angeles,34.04801,-118.29418,America/Los_Angeles
CREATE,CTPPT,90008,900,US,CA,Los Angeles,34.00956,-118.34706,America/Los_Angeles
CREATE,CTPPT,90040,900,US,CA,Los Angeles,33.99353,-118.14907,America/Los_Angeles
CREATE,CTPPT,90045,900,US,CA,Los Angeles,33.95297,-118.40014,America/Los_Angeles
CREATE,CTPPT,90401,904,US,CA,Los Angeles,34.01545,-118.49248,America/Los_Angeles
CREATE,CTPPT,90504,905,US,CA,Los Angeles,33.86682,-118.33115,America/Los_Angeles
CREATE,CTPPT,90717,907,US,CA,Los Angeles,33.79383,-118.3172,America/Los_Angeles
CREATE,CTPPT,90808,908,US,CA,Los Angeles,33.82406,-118.11239,America/Los_Angeles
CREATE,CTPPT,91214,912,US,CA,Los Angeles,34.23671,-118.24925,America/Los_Angeles
CREATE,CTPPT,91324,913,US,CA,Los Angeles,34.23901,-118.54958,America/Los_Angeles
CREATE,CTPPT,91331,913,US,CA,Los Angeles,34.25562,-118.42076,America/Los_Angeles
CREATE,CTPPT,91371,913,US,CA,Los Angeles,34.18459,-118.57636,America/Los_Angeles
CREATE,CTPPT,91384,913,US,CA,Los Angeles,34.53072,-118.68639,America/Los_Angeles
CREATE,CTPPT,91730,917,US,CA,San Bernardino,34.09955,-117.57847,America/Los_Angeles
CREATE,CTPPT,91762,917,US,CA,San Bernardino,34.02905,-117.64478,America/Los_Angeles
CREATE,CTPPT,92007,920,US,CA,San Diego,33.0219,-117.2735,America/Los_Angeles
CREATE,CTPPT,92081,920,US,CA,San Diego,33.16431,-117.24028,America/Los_Angeles
CREATE,CTPPT,92113,921,US,CA,San Diego,32.69602,-117.11817,America/Los_Angeles
CREATE,CTPPT,92114,921,US,CA,San Diego,32.70776,-117.0551,America/Los_Angeles
CREATE,CTPPT,92118,921,US,CA,San Diego,32.67487,-117.17866,America/Los_Angeles
CREATE,CTPPT,92250,922,US,CA,Imperial,32.82385,-115.23944,America/Los_Angeles
CREATE,CTPPT,92284,922,US,CA,San Bernardino,34.18604,-116.43234,America/Los_Angeles
CREATE,CTPPT,92305,923,US,CA,San Bernardino,34.16326,-116.82868,America/Los_Angeles
CREATE,CTPPT,92384,923,US,CA,Inyo,36.0125,-116.17791,America/Los_Angeles
CREATE,CTPPT,92660,926,US,CA,Orange,33.63374,-117.87449,America/Los_Angeles
CREATE,CTPPT,92662,926,US,CA,Orange,33.60547,-117.89204,America/Los_Angeles
CREATE,CTPPT,93103,931,US,CA,Santa Barbara,34.438,-119.68057,America/Los_Angeles
CREATE,CTPPT,93117,931,US,CA,Santa Barbara,34.49127,-120.08221,America/Los_Angeles
CREATE,CTPPT,93221,932,US,CA,Tulare,36.29501,-119.02605,America/Los_Angeles
CREATE,CTPPT,93962,939,US,CA,Monterey,36.62471,-121.64649,America/Los_Angeles
CREATE,CTPPT,94117,941,US,CA,San Francisco,37.76975,-122.44823,America/Los_Angeles
CREATE,CTPPT,94507,945,US,CA,Contra Costa,37.85042,-122.02108,America/Los_Angeles
CREATE,CTPPT,94535,945,US,CA,Solano,38.28467,-121.93269,America/Los_Angeles
CREATE,CTPPT,94803,948,US,CA,Contra Costa,37.95953,-122.28365,America/Los_Angeles
CREATE,CTPPT,94904,949,US,CA,Marin,37.94522,-122.56278,America/Los_Angeles
CREATE,CTPPT,94928,949,US,CA,Sonoma,38.3464,-122.69419,America/Los_Angeles
CREATE,CTPPT,94947,949,US,CA,Marin,38.11324,-122.62972,America/Los_Angeles
CREATE,CTPPT,95003,950,US,CA,Santa Cruz,37.01015,-121.87763,America/Los_Angeles
CREATE,CTPPT,95045,950,US,CA,San Benito,36.83417,-121.52738,America/Los_Angeles
CREATE,CTPPT,95070,950,US,CA,Santa Clara,37.25638,-122.04963,America/Los_Angeles
CREATE,CTPPT,95242,952,US,CA,San Joaquin,38.13459,-121.39362,America/Los_Angeles
CREATE,CTPPT,95245,952,US,CA,Calaveras,38.29793,-120.6213,America/Los_Angeles
CREATE,CTPPT,95301,953,US,CA,Merced,37.31796,-120.63372,America/Los_Angeles
CREATE,CTPPT,95355,953,US,CA,Stanislaus,37.67283,-120.947,America/Los_Angeles
CREATE,CTPPT,95383,953,US,CA,Tuolumne,38.10788,-120.23286,America/Los_Angeles
CREATE,CTPPT,95385,953,US,CA,"Stanislaus, San Joaquin",37.60949,-121.25116,America/Los_Angeles
CREATE,CTPPT,95555,955,US,CA,Humboldt,41.3011,-123.99042,America/Los_Angeles
CREATE,CTPPT,95595,955,US,CA,Trinity,40.11671,-123.42455,America/Los_Angeles
CREATE,CTPPT,95626,956,US,CA,"Sacramento, Placer, Sutter",38.73297,-121.46801,America/Los_Angeles
CREATE,CTPPT,95668,956,US,CA,"Sutter, Placer",38.82844,-121.49253,America/Los_Angeles
CREATE,CTPPT,95690,956,US,CA,"Sacramento, Solano",38.2361,-121.5785,America/Los_Angeles
CREATE,CTPPT,95691,956,US,CA,Yolo,38.61708,-121.58234,America/Los_Angeles
CREATE,CTPPT,95709,957,US,CA,El Dorado,38.74883,-120.67938,America/Los_Angeles
CREATE,CTPPT,95765,957,US,CA,Placer,38.81861,-121.27807,America/Los_Angeles
CREATE,CTPPT,95814,958,US,CA,Sacramento,38.58045,-121.49498,America/Los_Angeles
CREATE,CTPPT,95916,959,US,CA,Butte,39.66073,-121.36357,America/Los_Angeles
CREATE,CTPPT,95926,959,US,CA,Butte,39.7456,-121.84388,America/Los_Angeles
CREATE,CTPPT,95955,959,US,CA,Colusa,39.29409,-122.20733,America/Los_Angeles
CREATE,CTPPT,96008,960,US,CA,Shasta,40.71236,-122.10816,America/Los_Angeles
CREATE,CTPPT,96047,960,US,CA,Shasta,40.4643,-122.66396,America/Los_Angeles
CREATE,CTPPT,96055,960,US,CA,Tehama,40.08519,-122.03562,America/Los_Angeles
CREATE,CTPPT,96062,960,US,CA,Shasta,40.57391,-122.07108,America/Los_Angeles
CREATE,CTPPT,96821,968,US,HI,Honolulu,21.29954,-157.75006,Pacific/Honolulu
CREATE,CTPPT,96915,969,US,GU,Guam,13.3782,144.70165,Pacific/Guam
CREATE,CTPPT,97020,970,US,OR,Marion,45.22204,-122.83756,America/Los_Angeles
CREATE,CTPPT,97054,970,US,OR,Columbia,45.94813,-122.93373,America/Los_Angeles
CREATE,CTPPT,97136,971,US,OR,Tillamook,45.62439,-123.91609,America/Los_Angeles
CREATE,CTPPT,97205,972,US,OR,Multnomah,45.519,-122.70202,America/Los_Angeles
CREATE,CTPPT,97230,972,US,OR,Multnomah,45.55813,-122.50746,America/Los_Angeles
CREATE,CTPPT,97343,973,US,OR,Lincoln,44.55856,-123.7434,America/Los_Angeles
CREATE,CTPPT,97351,973,US,OR,Polk,44.83831,-123.17489,America/Los_Angeles
CREATE,CTPPT,97364,973,US,OR,Lincoln,44.99901,-123.9868,America/Los_Angeles
CREATE,CTPPT,97365,973,US,OR,Lincoln,44.66872,-124.01448,America/Los_Angeles
CREATE,CTPPT,97538,975,US,OR,Josephine,42.2737,-123.58169,America/Los_Angeles
CREATE,CTPPT,97730,977,US,OR,Jefferson,44.50237,-121.64715,America/Los_Angeles
CREATE,CTPPT,97732,977,US,OR,Harney,43.39673,-118.45323,America/Los_Angeles
CREATE,CTPPT,98029,980,US,WA,King,47.55847,-122.00546,America/Los_Angeles
CREATE,CTPPT,98070,980,US,WA,King,47.41219,-122.4726,America/Los_Angeles
CREATE,CTPPT,98074,980,US,WA,King,47.62263,-122.04314,America/Los_Angeles
CREATE,CTPPT,98103,981,US,WA,King,47.67332,-122.34254,America/Los_Angeles
CREATE,CTPPT,98257,982,US,WA,Skagit,48.41605,-122.5095,America/Los_Angeles
CREATE,CTPPT,98336,983,US,WA,Lewis,46.56449,-122.11248,America/Los_Angeles
CREATE,CTPPT,98346,983,US,WA,Kitsap,47.8185,-122.53234,America/Los_Angeles
CREATE,CTPPT,57432,574,US,SD,"Brown, Marshall",45.68238,-98.03365,America/Chicago
CREATE,CTPPT,93262,932,US,CA,Tulare,36.6008,-118.71097,America/Los_Angeles
CREATE,CTPPT,93432,934,US,CA,San Luis Obispo,35.47194,-120.47107,America/Los_Angeles
CREATE,CTPPT,93441,934,US,CA,Santa Barbara,34.74779,-120.03937,America/Los_Angeles
CREATE,CTPPT,93514,935,US,CA,"Inyo, Mono",37.50147,-118.40493,America/Los_Angeles
CREATE,CTPPT,93529,935,US,CA,Mono,37.80506,-119.09807,America/Los_Angeles
CREATE,CTPPT,93536,935,US,CA,Los Angeles,34.74709,-118.36875,America/Los_Angeles
CREATE,CTPPT,93545,935,US,CA,Inyo,36.55786,-118.05704,America/Los_Angeles
CREATE,CTPPT,93633,936,US,CA,"Tulare, Fresno",36.79306,-118.72273,America/Los_Angeles
CREATE,CTPPT,664,664,US,PR,"Jayuya, Utuado",18.21151,-66.5889,America/Puerto_Rico
CREATE,CTPPT,717,717,US,PR,Ponce,18.00342,-66.61325,America/Puerto_Rico
CREATE,CTPPT,979,979,US,PR,Carolina,18.43651,-66.017,America/Puerto_Rico
CREATE,CTPPT,1022,102,US,MA,Hampden,42.19731,-72.54267,America/New_York
CREATE,CTPPT,1034,103,US,MA,Hampden,42.08485,-72.95765,America/New_York
CREATE,CTPPT,1037,103,US,MA,Worcester,42.37011,-72.19771,America/New_York
CREATE,CTPPT,1038,103,US,MA,Hampshire,42.38548,-72.60701,America/New_York
CREATE,CTPPT,1331,133,US,MA,Worcester,42.56728,-72.18294,America/New_York
CREATE,CTPPT,1341,134,US,MA,Franklin,42.50447,-72.70514,America/New_York
CREATE,CTPPT,1524,152,US,MA,Worcester,42.24921,-71.91982,America/New_York
CREATE,CTPPT,1832,183,US,MA,Essex,42.79103,-71.13128,America/New_York
CREATE,CTPPT,1835,183,US,MA,Essex,42.75293,-71.08594,America/New_York
CREATE,CTPPT,1887,188,US,MA,Middlesex,42.56099,-71.16545,America/New_York
CREATE,CTPPT,2109,210,US,MA,Suffolk,42.36459,-71.05298,America/New_York
CREATE,CTPPT,2150,215,US,MA,Suffolk,42.39594,-71.03244,America/New_York
CREATE,CTPPT,2170,217,US,MA,Norfolk,42.26649,-71.01615,America/New_York
CREATE,CTPPT,2472,247,US,MA,Middlesex,42.37,-71.17725,America/New_York
CREATE,CTPPT,2493,249,US,MA,Middlesex,42.35894,-71.3001,America/New_York
CREATE,CTPPT,2532,253,US,MA,"Barnstable, Plymouth",41.75162,-70.59728,America/New_York
CREATE,CTPPT,2718,271,US,MA,Bristol,41.86891,-71.01162,America/New_York
CREATE,CTPPT,2762,276,US,MA,Norfolk,42.01409,-71.33642,America/New_York
CREATE,CTPPT,2808,280,US,RI,Washington,41.40855,-71.74867,America/New_York
CREATE,CTPPT,2812,281,US,RI,Washington,41.47768,-71.65437,America/New_York
CREATE,CTPPT,2826,282,US,RI,Providence,41.97399,-71.63706,America/New_York
CREATE,CTPPT,2828,282,US,RI,Providence,41.87799,-71.55938,America/New_York
CREATE,CTPPT,2830,283,US,RI,Providence,41.98212,-71.64988,America/New_York
CREATE,CTPPT,2837,283,US,RI,Newport,41.51523,-71.16455,America/New_York
CREATE,CTPPT,3055,305,US,NH,Hillsborough,42.81745,-71.6734,America/New_York
CREATE,CTPPT,3057,305,US,NH,Hillsborough,42.90244,-71.68336,America/New_York
CREATE,CTPPT,3221,322,US,NH,Merrimack,43.25179,-71.96171,America/New_York
CREATE,CTPPT,3222,322,US,NH,Grafton,43.6275,-71.78286,America/New_York
CREATE,CTPPT,3243,324,US,NH,Merrimack,43.52493,-71.76467,America/New_York
CREATE,CTPPT,3246,324,US,NH,Belknap,43.57267,-71.47744,America/New_York
CREATE,CTPPT,3254,325,US,NH,"Carroll, Belknap",43.72491,-71.37776,America/New_York
CREATE,CTPPT,3264,326,US,NH,Grafton,43.72976,-71.71127,America/New_York
CREATE,CTPPT,3746,374,US,NH,Sullivan,43.49432,-72.2574,America/New_York
CREATE,CTPPT,3748,374,US,NH,"Grafton, Sullivan",43.59369,-72.1139,America/New_York
CREATE,CTPPT,3825,382,US,NH,Strafford,43.21357,-71.04284,America/New_York
CREATE,CTPPT,3847,384,US,NH,Carroll,44.07005,-71.11317,America/New_York
CREATE,CTPPT,3853,385,US,NH,Carroll,43.63952,-71.27902,America/New_York
CREATE,CTPPT,4050,405,US,ME,Cumberland,43.69205,-70.15696,America/New_York
CREATE,CTPPT,4108,410,US,ME,Cumberland,43.66057,-70.18901,America/New_York
CREATE,CTPPT,4345,434,US,ME,"Kennebec, Sagadahoc",44.19822,-69.78479,America/New_York
CREATE,CTPPT,4490,449,US,ME,Washington,45.43358,-67.85571,America/New_York
CREATE,CTPPT,4497,449,US,ME,"Aroostook, Penobscot",45.76367,-68.05134,America/New_York
CREATE,CTPPT,4605,460,US,ME,Hancock,44.67483,-68.41713,America/New_York
CREATE,CTPPT,4849,484,US,ME,Waldo,44.31793,-69.04753,America/New_York
CREATE,CTPPT,4921,492,US,ME,Waldo,44.57091,-69.13348,America/New_York
CREATE,CTPPT,4953,495,US,ME,Penobscot,44.86019,-69.23297,America/New_York
CREATE,CTPPT,4958,495,US,ME,Somerset,44.90752,-69.93066,America/New_York
CREATE,CTPPT,4964,496,US,ME,"Franklin, Oxford",44.87582,-70.78325,America/New_York
CREATE,CTPPT,4973,497,US,ME,Waldo,44.36225,-69.19305,America/New_York
CREATE,CTPPT,5075,507,US,VT,Orange,43.83699,-72.27976,America/New_York
CREATE,CTPPT,5077,507,US,VT,Orange,43.90325,-72.48074,America/New_York
CREATE,CTPPT,5252,525,US,VT,Bennington,43.0668,-73.06111,America/New_York
CREATE,CTPPT,5455,545,US,VT,Franklin,44.80293,-72.96681,America/New_York
CREATE,CTPPT,5778,577,US,VT,"Addison, Rutland",43.87369,-73.21114,America/New_York
CREATE,CTPPT,5824,582,US,VT,"Essex, Caledonia",44.4368,-71.86146,America/New_York
CREATE,CTPPT,6023,602,US,CT,Hartford,41.61371,-72.71994,America/New_York
CREATE,CTPPT,6032,603,US,CT,Hartford,41.72527,-72.83124,America/New_York
CREATE,CTPPT,6254,625,US,CT,New London,41.61527,-72.14322,America/New_York
CREATE,CTPPT,6263,626,US,CT,Windham,41.84039,-71.90617,America/New_York
CREATE,CTPPT,6360,636,US,CT,New London,41.54883,-72.08927,America/New_York
CREATE,CTPPT,6374,637,US,CT,Windham,41.68042,-71.91421,America/New_York
CREATE,CTPPT,6444,644,US,CT,Hartford,41.56267,-72.93318,America/New_York
CREATE,CTPPT,6517,651,US,CT,New Haven,41.34836,-72.90503,America/New_York
CREATE,CTPPT,6519,651,US,CT,New Haven,41.29532,-72.93584,America/New_York
CREATE,CTPPT,6611,661,US,CT,Fairfield,41.26008,-73.20947,America/New_York
CREATE,CTPPT,6708,670,US,CT,"New Haven, Litchfield",41.54957,-73.06718,America/New_York
CREATE,CTPPT,6757,675,US,CT,Litchfield,41.74118,-73.45864,America/New_York
CREATE,CTPPT,6783,678,US,CT,Litchfield,41.554,-73.29997,America/New_York
CREATE,CTPPT,6890,689,US,CT,Fairfield,41.14639,-73.28944,America/New_York
CREATE,CTPPT,7003,700,US,NJ,Essex,40.80999,-74.18679,America/New_York
CREATE,CTPPT,7055,705,US,NJ,Passaic,40.8575,-74.12821,America/New_York
CREATE,CTPPT,7306,730,US,NJ,Hudson,40.73458,-74.07178,America/New_York
CREATE,CTPPT,7627,762,US,NJ,Bergen,40.95505,-73.95674,America/New_York
CREATE,CTPPT,7645,764,US,NJ,Bergen,41.05292,-74.04988,America/New_York
CREATE,CTPPT,7663,766,US,NJ,Bergen,40.90321,-74.09559,America/New_York
CREATE,CTPPT,7731,773,US,NJ,Monmouth,40.14979,-74.20007,America/New_York
CREATE,CTPPT,7826,782,US,NJ,Sussex,41.19266,-74.76869,America/New_York
CREATE,CTPPT,7830,783,US,NJ,"Hunterdon, Morris",40.72104,-74.80747,America/New_York
CREATE,CTPPT,7846,784,US,NJ,Warren,40.9661,-74.87721,America/New_York
CREATE,CTPPT,7870,787,US,NJ,Morris,40.80394,-74.81965,America/New_York
CREATE,CTPPT,7977,797,US,NJ,Somerset,40.70628,-74.66373,America/New_York
CREATE,CTPPT,8030,803,US,NJ,Camden,39.88971,-75.11772,America/New_York
CREATE,CTPPT,8039,803,US,NJ,Gloucester,39.68798,-75.27215,America/New_York
CREATE,CTPPT,8071,807,US,NJ,Gloucester,39.73228,-75.13387,America/New_York
CREATE,CTPPT,8314,831,US,NJ,Cumberland,39.21814,-74.94235,America/New_York
CREATE,CTPPT,8319,831,US,NJ,Atlantic,39.36864,-74.81691,America/New_York
CREATE,CTPPT,8328,832,US,NJ,Gloucester,39.5784,-75.05917,America/New_York
CREATE,CTPPT,8406,840,US,NJ,Atlantic,39.34567,-74.48602,America/New_York
CREATE,CTPPT,8740,874,US,NJ,Ocean,39.9282,-74.13378,America/New_York
CREATE,CTPPT,8857,885,US,NJ,Middlesex,40.39161,-74.32984,America/New_York
CREATE,CTPPT,10032,100,US,NY,New York,40.83884,-73.94279,America/New_York
CREATE,CTPPT,10451,104,US,NY,Bronx,40.82077,-73.92387,America/New_York
CREATE,CTPPT,10458,104,US,NY,Bronx,40.86244,-73.88826,America/New_York
CREATE,CTPPT,10570,105,US,NY,Westchester,41.13006,-73.7872,America/New_York
CREATE,CTPPT,10990,109,US,NY,Orange,41.26442,-74.366,America/New_York
CREATE,CTPPT,11005,110,US,NY,Queens,40.75663,-73.71423,America/New_York
CREATE,CTPPT,11203,112,US,NY,Kings,40.64955,-73.93444,America/New_York
CREATE,CTPPT,11212,112,US,NY,Kings,40.66293,-73.91303,America/New_York
CREATE,CTPPT,11221,112,US,NY,Kings,40.69136,-73.92787,America/New_York
CREATE,CTPPT,11224,112,US,NY,Kings,40.57665,-73.98873,America/New_York
CREATE,CTPPT,11354,113,US,NY,Queens,40.76863,-73.82739,America/New_York
CREATE,CTPPT,11413,114,US,NY,Queens,40.66992,-73.7509,America/New_York
CREATE,CTPPT,11425,114,US,NY,Kings,40.60774,-74.02391,America/New_York
CREATE,CTPPT,11580,115,US,NY,Nassau,40.67496,-73.70357,America/New_York
CREATE,CTPPT,11715,117,US,NY,Suffolk,40.75003,-73.03516,America/New_York
CREATE,CTPPT,11754,117,US,NY,Suffolk,40.88768,-73.24739,America/New_York
CREATE,CTPPT,11942,119,US,NY,Suffolk,40.85315,-72.5849,America/New_York
CREATE,CTPPT,12051,120,US,NY,Greene,42.34411,-73.84516,America/New_York
CREATE,CTPPT,12154,121,US,NY,"Rensselaer, Washington",42.9377,-73.60063,America/New_York
CREATE,CTPPT,12208,122,US,NY,Albany,42.65331,-73.8102,America/New_York
CREATE,CTPPT,12307,123,US,NY,Schenectady,42.80503,-73.93364,America/New_York
CREATE,CTPPT,12309,123,US,NY,"Schenectady, Albany",42.79915,-73.86951,America/New_York
CREATE,CTPPT,12407,124,US,NY,Greene,42.31761,-74.35824,America/New_York
CREATE,CTPPT,12423,124,US,NY,Greene,42.37921,-74.10974,America/New_York
CREATE,CTPPT,12443,124,US,NY,Ulster,41.93397,-74.08537,America/New_York
CREATE,CTPPT,12487,124,US,NY,Ulster,41.85934,-73.99538,America/New_York
CREATE,CTPPT,12489,124,US,NY,Ulster,41.75069,-74.35549,America/New_York
CREATE,CTPPT,12527,125,US,NY,Dutchess,41.51944,-73.93565,America/New_York
CREATE,CTPPT,12547,125,US,NY,Ulster,41.65596,-73.98512,America/New_York
CREATE,CTPPT,12741,127,US,NY,Sullivan,41.84156,-75.08108,America/New_York
CREATE,CTPPT,12811,128,US,NY,Warren,43.60546,-74.02832,America/New_York
CREATE,CTPPT,12844,128,US,NY,"Washington, Warren",43.48947,-73.62118,America/New_York
CREATE,CTPPT,12861,128,US,NY,Washington,43.74971,-73.41912,America/New_York
CREATE,CTPPT,12932,129,US,NY,Essex,44.21219,-73.61264,America/New_York
CREATE,CTPPT,12956,129,US,NY,Essex,44.09325,-73.49542,America/New_York
CREATE,CTPPT,12973,129,US,NY,St. Lawrence,44.2987,-74.59401,America/New_York
CREATE,CTPPT,13118,131,US,NY,Cayuga,42.75086,-76.39059,America/New_York
CREATE,CTPPT,13152,131,US,NY,"Onondaga, Cayuga",42.8926,-76.38469,America/New_York
CREATE,CTPPT,13290,132,US,NY,Onondaga,43.07079,-76.17364,America/New_York
CREATE,CTPPT,13339,133,US,NY,"Montgomery, Herkimer, Fulton",42.93996,-74.66664,America/New_York
CREATE,CTPPT,13364,133,US,NY,Madison,42.80502,-75.26104,America/New_York
CREATE,CTPPT,13410,134,US,NY,Montgomery,42.93103,-74.61255,America/New_York
CREATE,CTPPT,13661,136,US,NY,"Jefferson, Oswego",43.70988,-76.10606,America/New_York
CREATE,CTPPT,13776,137,US,NY,Otsego,42.47058,-75.33294,America/New_York
CREATE,CTPPT,13809,138,US,NY,"Chenango, Otsego",42.40381,-75.39554,America/New_York
CREATE,CTPPT,14020,140,US,NY,Genesee,42.99624,-78.21274,America/New_York
CREATE,CTPPT,14026,140,US,NY,Erie,42.94239,-78.68798,America/New_York
CREATE,CTPPT,14169,141,US,NY,Erie,42.76612,-78.52369,America/New_York
CREATE,CTPPT,14502,145,US,NY,"Wayne, Monroe",43.09728,-77.33547,America/New_York
CREATE,CTPPT,14626,146,US,NY,Monroe,43.2143,-77.71383,America/New_York
CREATE,CTPPT,14715,147,US,NY,Allegany,42.0676,-78.14919,America/New_York
CREATE,CTPPT,14756,147,US,NY,Chautauqua,42.19788,-79.42123,America/New_York
CREATE,CTPPT,14819,148,US,NY,Steuben,42.22047,-77.43861,America/New_York
CREATE,CTPPT,14827,148,US,NY,Steuben,42.18065,-77.14283,America/New_York
CREATE,CTPPT,14840,148,US,NY,"Steuben, Schuyler",42.44214,-77.18832,America/New_York
CREATE,CTPPT,14884,148,US,NY,Allegany,42.48015,-77.8885,America/New_York
CREATE,CTPPT,14892,148,US,NY,"Tioga, Chemung",42.04832,-76.52704,America/New_York
CREATE,CTPPT,14895,148,US,NY,Allegany,42.07697,-77.93709,America/New_York
CREATE,CTPPT,15004,150,US,PA,Washington,40.34521,-80.38118,America/New_York
CREATE,CTPPT,15010,150,US,PA,Beaver,40.76872,-80.3591,America/New_York
CREATE,CTPPT,15116,151,US,PA,Allegheny,40.53908,-79.95047,America/New_York
CREATE,CTPPT,15120,151,US,PA,Allegheny,40.39613,-79.90678,America/New_York
CREATE,CTPPT,15376,153,US,PA,Washington,40.10462,-80.48692,America/New_York
CREATE,CTPPT,15410,154,US,PA,Fayette,39.91461,-79.90521,America/New_York
CREATE,CTPPT,15412,154,US,PA,Washington,40.09232,-79.85647,America/New_York
CREATE,CTPPT,15461,154,US,PA,Fayette,39.84236,-79.90028,America/New_York
CREATE,CTPPT,15478,154,US,PA,Fayette,39.78778,-79.80315,America/New_York
CREATE,CTPPT,15537,155,US,PA,Bedford,40.00171,-78.36501,America/New_York
CREATE,CTPPT,15541,155,US,PA,Somerset,40.04808,-78.97719,America/New_York
CREATE,CTPPT,15557,155,US,PA,"Somerset, Fayette",39.93032,-79.21492,America/New_York
CREATE,CTPPT,15562,155,US,PA,Somerset,39.73904,-79.13644,America/New_York
CREATE,CTPPT,15673,156,US,PA,Armstrong,40.5938,-79.5563,America/New_York
CREATE,CTPPT,15733,157,US,PA,Jefferson,40.98691,-78.96071,America/New_York
CREATE,CTPPT,15770,157,US,PA,Jefferson,40.99583,-79.15645,America/New_York
CREATE,CTPPT,15954,159,US,PA,"Indiana, Westmoreland",40.42184,-78.99974,America/New_York
CREATE,CTPPT,16052,160,US,PA,Butler,40.90468,-80.0614,America/New_York
CREATE,CTPPT,16063,160,US,PA,"Butler, Beaver",40.76488,-80.1274,America/New_York
CREATE,CTPPT,16156,161,US,PA,"Lawrence, Mercer",41.0956,-80.21801,America/New_York
CREATE,CTPPT,16212,162,US,PA,Armstrong,40.75312,-79.58463,America/New_York
CREATE,CTPPT,16341,163,US,PA,"Venango, Forest",41.56607,-79.54934,America/New_York
CREATE,CTPPT,16345,163,US,PA,Warren,41.95196,-79.07196,America/New_York
CREATE,CTPPT,16362,163,US,PA,"Venango, Mercer",41.45033,-79.96236,America/New_York
CREATE,CTPPT,16417,164,US,PA,Erie,41.97087,-80.31327,America/New_York
CREATE,CTPPT,16546,165,US,PA,Erie,42.10496,-80.05346,America/New_York
CREATE,CTPPT,16611,166,US,PA,Huntingdon,40.5674,-78.10768,America/New_York
CREATE,CTPPT,16616,166,US,PA,Clearfield,40.76829,-78.44556,America/New_York
CREATE,CTPPT,16665,166,US,PA,Blair,40.38872,-78.43429,America/New_York
CREATE,CTPPT,16848,168,US,PA,Clinton,41.0114,-77.5363,America/New_York
CREATE,CTPPT,16852,168,US,PA,Centre,40.93704,-77.51867,America/New_York
CREATE,CTPPT,16929,169,US,PA,Tioga,41.97086,-77.1486,America/New_York
CREATE,CTPPT,17027,170,US,PA,Cumberland,40.15617,-76.99573,America/New_York
CREATE,CTPPT,17028,170,US,PA,"Dauphin, Lebanon",40.39419,-76.65823,America/New_York
CREATE,CTPPT,17078,170,US,PA,"Lebanon, Dauphin",40.28594,-76.58355,America/New_York
CREATE,CTPPT,17331,173,US,PA,"York, Adams",39.79014,-76.97832,America/New_York
CREATE,CTPPT,17344,173,US,PA,Adams,39.8057,-77.01915,America/New_York
CREATE,CTPPT,17355,173,US,PA,York,39.75982,-76.69605,America/New_York
CREATE,CTPPT,17368,173,US,PA,York,39.9839,-76.51873,America/New_York
CREATE,CTPPT,17519,175,US,PA,Lancaster,40.14156,-76.02062,America/New_York
CREATE,CTPPT,17522,175,US,PA,Lancaster,40.1722,-76.17074,America/New_York
CREATE,CTPPT,17576,175,US,PA,Lancaster,40.03754,-76.19688,America/New_York
CREATE,CTPPT,17606,176,US,PA,Lancaster,40.11172,-76.30402,America/New_York
CREATE,CTPPT,17740,177,US,PA,"Lycoming, Clinton",41.24706,-77.27062,America/New_York
CREATE,CTPPT,17865,178,US,PA,Northumberland,40.99015,-76.78678,America/New_York
CREATE,CTPPT,17887,178,US,PA,Union,41.11521,-76.91786,America/New_York
CREATE,CTPPT,17889,178,US,PA,"Union, Snyder",40.88262,-76.91803,America/New_York
CREATE,CTPPT,18020,180,US,PA,Northampton,40.67227,-75.32689,America/New_York
CREATE,CTPPT,18031,180,US,PA,"Lehigh, Berks",40.55399,-75.65287,America/New_York
CREATE,CTPPT,18327,183,US,PA,Monroe,40.97462,-75.13872,America/New_York
CREATE,CTPPT,18344,183,US,PA,Monroe,41.11849,-75.34097,America/New_York
CREATE,CTPPT,18438,184,US,PA,Wayne,41.43596,-75.25095,America/New_York
CREATE,CTPPT,18504,185,US,PA,Lackawanna,41.42553,-75.69991,America/New_York
CREATE,CTPPT,18510,185,US,PA,Lackawanna,41.4073,-75.6368,America/New_York
CREATE,CTPPT,18708,187,US,PA,Luzerne,41.29414,-75.96534,America/New_York
CREATE,CTPPT,18914,189,US,PA,Bucks,40.289,-75.20985,America/New_York
CREATE,CTPPT,18972,189,US,PA,Bucks,40.53343,-75.1196,America/New_York
CREATE,CTPPT,18976,189,US,PA,Bucks,40.24792,-75.1443,America/New_York
CREATE,CTPPT,19009,190,US,PA,Montgomery,40.13778,-75.06425,America/New_York
CREATE,CTPPT,19044,190,US,PA,Montgomery,40.18607,-75.15287,America/New_York
CREATE,CTPPT,19085,190,US,PA,"Delaware, Montgomery",40.03738,-75.34956,America/New_York
CREATE,CTPPT,19131,191,US,PA,Philadelphia,39.98856,-75.21792,America/New_York
CREATE,CTPPT,19462,194,US,PA,Montgomery,40.11552,-75.28382,America/New_York
CREATE,CTPPT,19510,195,US,PA,Berks,40.44782,-75.88259,America/New_York
CREATE,CTPPT,19936,199,US,DE,Kent,39.21909,-75.5845,America/New_York
CREATE,CTPPT,19964,199,US,DE,Kent,39.09067,-75.72329,America/New_York
CREATE,CTPPT,20009,200,US,DC,District of Columbia,38.91996,-77.03752,America/New_York
CREATE,CTPPT,20110,201,US,VA,"Manassas, Prince William",38.74711,-77.48591,America/New_York
CREATE,CTPPT,20171,201,US,VA,Fairfax,38.92363,-77.39821,America/New_York
CREATE,CTPPT,20181,201,US,VA,"Prince William, Fauquier",38.6869,-77.57076,America/New_York
CREATE,CTPPT,20245,202,US,DC,District of Columbia,38.89337,-77.0446,America/New_York
CREATE,CTPPT,20553,205,US,DC,District of Columbia,38.88695,-77.02297,America/New_York
CREATE,CTPPT,20622,206,US,MD,"Charles, St. Mary's",38.45397,-76.84481,America/New_York
CREATE,CTPPT,20854,208,US,MD,Montgomery,39.03376,-77.22046,America/New_York
CREATE,CTPPT,20868,208,US,MD,Montgomery,39.12586,-76.96844,America/New_York
CREATE,CTPPT,21050,210,US,MD,Harford,39.5857,-76.39227,America/New_York
CREATE,CTPPT,21104,211,US,MD,"Carroll, Howard, Baltimore",39.34962,-76.90652,America/New_York
CREATE,CTPPT,21215,212,US,MD,"Baltimore, Baltimore",39.34555,-76.68369,America/New_York
CREATE,CTPPT,21252,212,US,MD,Baltimore,39.39388,-76.6078,America/New_York
CREATE,CTPPT,21409,214,US,MD,Anne Arundel,39.01965,-76.44746,America/New_York
CREATE,CTPPT,21530,215,US,MD,Allegany,39.68927,-78.53663,America/New_York
CREATE,CTPPT,21722,217,US,MD,Washington,39.66595,-77.91719,America/New_York
CREATE,CTPPT,21755,217,US,MD,Frederick,39.36054,-77.56701,America/New_York
CREATE,CTPPT,21830,218,US,MD,Wicomico,38.40037,-75.73244,America/New_York
CREATE,CTPPT,21840,218,US,MD,Wicomico,38.25807,-75.89272,America/New_York
CREATE,CTPPT,22025,220,US,VA,Prince William,38.59932,-77.34028,America/New_York
CREATE,CTPPT,22035,220,US,VA,Fairfax,38.85526,-77.35826,America/New_York
CREATE,CTPPT,22405,224,US,VA,Stafford,38.31521,-77.40371,America/New_York
CREATE,CTPPT,22476,224,US,VA,Essex,38.04281,-77.07113,America/New_York
CREATE,CTPPT,22601,226,US,VA,"Winchester, Frederick",39.17472,-78.17353,America/New_York
CREATE,CTPPT,22942,229,US,VA,"Louisa, Orange, Albemarle",38.10968,-78.19864,America/New_York
CREATE,CTPPT,23035,230,US,VA,Mathews,37.49456,-76.38857,America/New_York
CREATE,CTPPT,23069,230,US,VA,"Hanover, Caroline, King William",37.77171,-77.32083,America/New_York
CREATE,CTPPT,23076,230,US,VA,Mathews,37.47556,-76.31358,America/New_York
CREATE,CTPPT,23086,230,US,VA,King William,37.66281,-77.05337,America/New_York
CREATE,CTPPT,23176,231,US,VA,Middlesex,37.57039,-76.42144,America/New_York
CREATE,CTPPT,23437,234,US,VA,Suffolk,36.63562,-76.80294,America/New_York
CREATE,CTPPT,23666,236,US,VA,Hampton,37.05912,-76.40727,America/New_York
CREATE,CTPPT,23701,237,US,VA,Portsmouth,36.81181,-76.37078,America/New_York
CREATE,CTPPT,23888,238,US,VA,"Sussex, Southampton, Surry",36.9569,-76.98245,America/New_York
CREATE,CTPPT,23917,239,US,VA,Mecklenburg,36.62447,-78.34255,America/New_York
CREATE,CTPPT,23942,239,US,VA,"Prince Edward, Lunenburg",37.13542,-78.30324,America/New_York
CREATE,CTPPT,23947,239,US,VA,"Charlotte, Lunenburg, Prince Edward",37.0283,-78.4502,America/New_York
CREATE,CTPPT,24079,240,US,VA,"Floyd, Franklin",37.05424,-80.15716,America/New_York
CREATE,CTPPT,24083,240,US,VA,Botetourt,37.40604,-79.92314,America/New_York
CREATE,CTPPT,24124,241,US,VA,"Giles, Bland",37.31275,-80.85807,America/New_York
CREATE,CTPPT,24162,241,US,VA,"Montgomery, Floyd",37.13787,-80.25777,America/New_York
CREATE,CTPPT,24265,242,US,VA,Lee,36.83806,-82.93891,America/New_York
CREATE,CTPPT,24311,243,US,VA,Smyth,36.88173,-81.40915,America/New_York
CREATE,CTPPT,24313,243,US,VA,"Wythe, Pulaski",36.90827,-80.80658,America/New_York
CREATE,CTPPT,24314,243,US,VA,"Bland, Tazewell",37.16731,-81.21383,America/New_York
CREATE,CTPPT,24317,243,US,VA,Carroll,36.60351,-80.67192,America/New_York
CREATE,CTPPT,24328,243,US,VA,Carroll,36.66206,-80.69463,America/New_York
CREATE,CTPPT,24382,243,US,VA,Wythe,36.96023,-81.09972,America/New_York
CREATE,CTPPT,24558,245,US,VA,Halifax,36.77421,-78.95416,America/New_York
CREATE,CTPPT,24574,245,US,VA,Amherst,37.57697,-79.2598,America/New_York
CREATE,CTPPT,24581,245,US,VA,Nelson,37.6575,-78.80464,America/New_York
CREATE,CTPPT,24826,248,US,WV,McDowell,37.29067,-81.63265,America/New_York
CREATE,CTPPT,24882,248,US,WV,Wyoming,37.62737,-81.76625,America/New_York
CREATE,CTPPT,25003,250,US,WV,"Lincoln, Kanawha",38.25115,-81.78615,America/New_York
CREATE,CTPPT,25011,250,US,WV,Putnam,38.50864,-81.83936,America/New_York
CREATE,CTPPT,25106,251,US,WV,Mason,38.78321,-82.08843,America/New_York
CREATE,CTPPT,25204,252,US,WV,Boone,37.92602,-81.61411,America/New_York
CREATE,CTPPT,25442,254,US,WV,Jefferson,39.37021,-77.8326,America/New_York
CREATE,CTPPT,25504,255,US,WV,"Cabell, Wayne",38.37329,-82.26409,America/New_York
CREATE,CTPPT,25637,256,US,WV,Logan,37.85619,-82.02986,America/New_York
CREATE,CTPPT,25651,256,US,WV,Mingo,37.5713,-81.97213,America/New_York
CREATE,CTPPT,25703,257,US,WV,Cabell,38.42395,-82.41878,America/New_York
CREATE,CTPPT,25840,258,US,WV,Fayette,38.03966,-81.12323,America/New_York
CREATE,CTPPT,25841,258,US,WV,"Mercer, Summers",37.55494,-81.08499,America/New_York
CREATE,CTPPT,25904,259,US,WV,Fayette,37.91692,-81.28185,America/New_York
CREATE,CTPPT,26155,261,US,WV,"Wetzel, Tyler, Marshall",39.63218,-80.76541,America/New_York
CREATE,CTPPT,26269,262,US,WV,Tucker,39.11128,-79.61795,America/New_York
CREATE,CTPPT,26505,265,US,WV,Monongalia,39.65045,-79.94408,America/New_York
CREATE,CTPPT,26560,265,US,WV,Marion,39.54143,-80.14517,America/New_York
CREATE,CTPPT,27014,270,US,NC,Davie,35.81193,-80.55519,America/New_York
CREATE,CTPPT,27030,270,US,NC,"Surry, Stokes",36.48892,-80.62906,America/New_York
CREATE,CTPPT,27110,271,US,NC,Forsyth,36.08926,-80.22497,America/New_York
CREATE,CTPPT,27262,272,US,NC,"Guilford, Davidson",35.96231,-80.03839,America/New_York
CREATE,CTPPT,27316,273,US,NC,Randolph,35.68986,-79.62225,America/New_York
CREATE,CTPPT,27410,274,US,NC,Guilford,36.11785,-79.89434,America/New_York
CREATE,CTPPT,27525,275,US,NC,"Franklin, Granville",36.11841,-78.46803,America/New_York
CREATE,CTPPT,27539,275,US,NC,Wake,35.67672,-78.81397,America/New_York
CREATE,CTPPT,27587,275,US,NC,"Wake, Granville, Franklin",35.98129,-78.55288,America/New_York
CREATE,CTPPT,27816,278,US,NC,"Nash, Franklin",36.10682,-78.07056,America/New_York
CREATE,CTPPT,27922,279,US,NC,Hertford,36.32022,-76.84832,America/New_York
CREATE,CTPPT,28054,280,US,NC,Gaston,35.26276,-81.15012,America/New_York
CREATE,CTPPT,28056,280,US,NC,Gaston,35.21718,-81.12519,America/New_York
CREATE,CTPPT,28098,280,US,NC,Gaston,35.27099,-81.09844,America/New_York
CREATE,CTPPT,28278,282,US,NC,Mecklenburg,35.12961,-81.00788,America/New_York
CREATE,CTPPT,28401,284,US,NC,New Hanover,34.27257,-77.96332,America/New_York
CREATE,CTPPT,28412,284,US,NC,New Hanover,34.13314,-77.9194,America/New_York
CREATE,CTPPT,28425,284,US,NC,Pender,34.56277,-77.89637,America/New_York
CREATE,CTPPT,28445,284,US,NC,"Onslow, Pender",34.51045,-77.54669,America/New_York
CREATE,CTPPT,28480,284,US,NC,New Hanover,34.22393,-77.79325,America/New_York
CREATE,CTPPT,28547,285,US,NC,Onslow,34.6713,-77.37371,America/New_York
CREATE,CTPPT,28573,285,US,NC,"Jones, Craven",34.9965,-77.19904,America/New_York
CREATE,CTPPT,28574,285,US,NC,"Onslow, Jones, Duplin",34.87858,-77.59493,America/New_York
CREATE,CTPPT,28642,286,US,NC,"Yadkin, Wilkes",36.2194,-80.81964,America/New_York
CREATE,CTPPT,28722,287,US,NC,Polk,35.23413,-82.1247,America/New_York
CREATE,CTPPT,28902,289,US,NC,"Clay, Cherokee",35.02609,-83.95661,America/New_York
CREATE,CTPPT,28905,289,US,NC,Cherokee,35.16395,-83.94009,America/New_York
CREATE,CTPPT,29058,290,US,SC,"Lancaster, Kershaw",34.56391,-80.73586,America/New_York
CREATE,CTPPT,29563,295,US,SC,Dillon,34.35346,-79.20429,America/New_York
CREATE,CTPPT,29626,296,US,SC,Anderson,34.45956,-82.76133,America/New_York
CREATE,CTPPT,29651,296,US,SC,"Greenville, Spartanburg",34.94719,-82.22596,America/New_York
CREATE,CTPPT,29851,298,US,SC,Aiken,33.51185,-81.81159,America/New_York
CREATE,CTPPT,30075,300,US,GA,"Fulton, Cobb, Cherokee",34.05248,-84.38741,America/New_York
CREATE,CTPPT,30179,301,US,GA,"Carroll, Paulding, Haralson",33.77918,-85.01565,America/New_York
CREATE,CTPPT,30314,303,US,GA,Fulton,33.7575,-84.43192,America/New_York
CREATE,CTPPT,30360,303,US,GA,"DeKalb, Gwinnett",33.93395,-84.27205,America/New_York
CREATE,CTPPT,30504,305,US,GA,Hall,34.2681,-83.89091,America/New_York
CREATE,CTPPT,30528,305,US,GA,"White, Lumpkin",34.61549,-83.79492,America/New_York
CREATE,CTPPT,30549,305,US,GA,Jackson,34.10679,-83.57735,America/New_York
CREATE,CTPPT,30621,306,US,GA,"Oconee, Morgan",33.80441,-83.48398,America/New_York
CREATE,CTPPT,30678,306,US,GA,"Greene, Hancock, Taliaferro",33.45203,-83.0743,America/New_York
CREATE,CTPPT,30726,307,US,GA,Catoosa,34.97625,-85.13959,America/New_York
CREATE,CTPPT,31037,310,US,GA,"Telfair, Wheeler, Dodge",32.11228,-82.92721,America/New_York
CREATE,CTPPT,31085,310,US,GA,Jasper,33.42569,-83.62901,America/New_York
CREATE,CTPPT,31210,312,US,GA,"Bibb, Monroe",32.90485,-83.73572,America/New_York
CREATE,CTPPT,31331,313,US,GA,McIntosh,31.52645,-81.43706,America/New_York
CREATE,CTPPT,31415,314,US,GA,Chatham,32.0786,-81.12582,America/New_York
CREATE,CTPPT,31558,315,US,GA,Camden,30.81738,-81.50712,America/New_York
CREATE,CTPPT,31826,318,US,GA,"Harris, Talbot",32.79418,-84.70352,America/New_York
CREATE,CTPPT,31830,318,US,GA,"Meriwether, Harris",32.89651,-84.73184,America/New_York
CREATE,CTPPT,31833,318,US,GA,"Troup, Harris",32.8504,-85.08912,America/New_York
CREATE,CTPPT,31905,319,US,GA,"Chattahoochee, Muscogee, Russell",32.37976,-84.90728,America/New_York
CREATE,CTPPT,32189,321,US,FL,Putnam,29.55561,-81.65121,America/New_York
CREATE,CTPPT,32204,322,US,FL,Duval,30.31653,-81.68072,America/New_York
CREATE,CTPPT,32209,322,US,FL,Duval,30.36106,-81.69551,America/New_York
CREATE,CTPPT,32221,322,US,FL,Duval,30.25633,-81.8542,America/New_York
CREATE,CTPPT,32336,323,US,FL,"Jefferson, Madison, Taylor",30.25375,-83.85901,America/New_York
CREATE,CTPPT,32440,324,US,FL,"Jackson, Holmes",30.92009,-85.52475,America/Chicago
CREATE,CTPPT,32577,325,US,FL,Escambia,30.72988,-87.36793,America/Chicago
CREATE,CTPPT,32579,325,US,FL,Okaloosa,30.44928,-86.57499,America/Chicago
CREATE,CTPPT,32617,326,US,FL,Marion,29.30708,-82.07627,America/New_York
CREATE,CTPPT,32668,326,US,FL,"Levy, Marion",29.26626,-82.49037,America/New_York
CREATE,CTPPT,32709,327,US,FL,Orange,28.51106,-80.9777,America/New_York
CREATE,CTPPT,32724,327,US,FL,Volusia,29.05646,-81.22875,America/New_York
CREATE,CTPPT,32829,328,US,FL,Orange,28.48021,-81.24605,America/New_York
CREATE,CTPPT,32837,328,US,FL,Orange,28.37847,-81.42933,America/New_York
CREATE,CTPPT,32926,329,US,FL,Brevard,28.39227,-80.81718,America/New_York
CREATE,CTPPT,32948,329,US,FL,"Indian River, Brevard",27.88946,-80.73348,America/New_York
CREATE,CTPPT,33028,330,US,FL,Broward,26.01853,-80.34488,America/New_York
CREATE,CTPPT,33040,330,US,FL,Monroe,24.58547,-81.75451,America/New_York
CREATE,CTPPT,33071,330,US,FL,Broward,26.24384,-80.2662,America/New_York
CREATE,CTPPT,33109,331,US,FL,Miami-Dade,25.76135,-80.14247,America/New_York
CREATE,CTPPT,33154,331,US,FL,Miami-Dade,25.88276,-80.13443,America/New_York
CREATE,CTPPT,33306,333,US,FL,Broward,26.16559,-80.11386,America/New_York
CREATE,CTPPT,33461,334,US,FL,Palm Beach,26.62016,-80.09097,America/New_York
CREATE,CTPPT,33527,335,US,FL,Hillsborough,27.97556,-82.21256,America/New_York
CREATE,CTPPT,33544,335,US,FL,Pasco,28.24404,-82.36602,America/New_York
CREATE,CTPPT,33812,338,US,FL,Polk,27.97286,-81.89308,America/New_York
CREATE,CTPPT,33983,339,US,FL,Charlotte,27.0072,-82.01518,America/New_York
CREATE,CTPPT,34114,341,US,FL,Collier,25.96745,-81.55033,America/New_York
CREATE,CTPPT,34470,344,US,FL,Marion,29.19891,-82.08742,America/New_York
CREATE,CTPPT,34488,344,US,FL,Marion,29.22164,-81.93927,America/New_York
CREATE,CTPPT,34736,347,US,FL,Lake,28.55445,-81.89625,America/New_York
CREATE,CTPPT,34746,347,US,FL,Osceola,28.24149,-81.44058,America/New_York
CREATE,CTPPT,34769,347,US,FL,Osceola,28.24511,-81.29112,America/New_York
CREATE,CTPPT,34974,349,US,FL,"Okeechobee, Glades, Highlands, Martin",27.14475,-80.94548,America/New_York
CREATE,CTPPT,35016,350,US,AL,"Marshall, Cullman, Blount",34.32333,-86.50142,America/Chicago
CREATE,CTPPT,35042,350,US,AL,Bibb,32.95455,-87.11481,America/Chicago
CREATE,CTPPT,35077,350,US,AL,Cullman,34.02052,-86.83216,America/Chicago
CREATE,CTPPT,35094,350,US,AL,"Jefferson, St. Clair, Shelby",33.52089,-86.55997,America/Chicago
CREATE,CTPPT,35097,350,US,AL,Blount,33.89437,-86.62614,America/Chicago
CREATE,CTPPT,35120,351,US,AL,St. Clair,33.66653,-86.42303,America/Chicago
CREATE,CTPPT,35139,351,US,AL,Jefferson,33.71143,-86.97048,America/Chicago
CREATE,CTPPT,35203,352,US,AL,Jefferson,33.51867,-86.80971,America/Chicago
CREATE,CTPPT,35204,352,US,AL,Jefferson,33.52206,-86.83985,America/Chicago
CREATE,CTPPT,35235,352,US,AL,Jefferson,33.62408,-86.64837,America/Chicago
CREATE,CTPPT,35441,354,US,AL,Hale,32.85373,-87.73859,America/Chicago
CREATE,CTPPT,35545,355,US,AL,Fayette,33.65152,-87.93483,America/Chicago
CREATE,CTPPT,35555,355,US,AL,"Fayette, Tuscaloosa, Lamar, Pickens",33.66631,-87.81846,America/Chicago
CREATE,CTPPT,35630,356,US,AL,Lauderdale,34.82364,-87.66058,America/Chicago
CREATE,CTPPT,35633,356,US,AL,Lauderdale,34.87641,-87.79858,America/Chicago
CREATE,CTPPT,35961,359,US,AL,"DeKalb, Cherokee, Etowah",34.27943,-85.86025,America/Chicago
CREATE,CTPPT,36032,360,US,AL,"Lowndes, Butler",31.9943,-86.56933,America/Chicago
CREATE,CTPPT,36081,360,US,AL,"Pike, Bullock",31.90489,-85.89686,America/Chicago
CREATE,CTPPT,36260,362,US,AL,"Calhoun, Talladega",33.58363,-86.00159,America/Chicago
CREATE,CTPPT,36271,362,US,AL,Calhoun,33.78149,-86.01612,America/Chicago
CREATE,CTPPT,36345,363,US,AL,"Henry, Houston, Dale",31.37526,-85.30829,America/Chicago
CREATE,CTPPT,36360,363,US,AL,"Dale, Coffee",31.46766,-85.6177,America/Chicago
CREATE,CTPPT,36477,364,US,AL,"Geneva, Coffee",31.09522,-86.05576,America/Chicago
CREATE,CTPPT,36545,365,US,AL,Clarke,31.4894,-87.87434,America/Chicago
CREATE,CTPPT,36555,365,US,AL,Baldwin,30.39985,-87.77264,America/Chicago
CREATE,CTPPT,36752,367,US,AL,Lowndes,32.3001,-86.62153,America/Chicago
CREATE,CTPPT,36753,367,US,AL,"Monroe, Wilcox",31.81596,-87.08601,America/Chicago
CREATE,CTPPT,36869,368,US,AL,Russell,32.42015,-85.07984,America/Chicago
CREATE,CTPPT,37059,370,US,TN,DeKalb,35.98748,-85.90928,America/Chicago
CREATE,CTPPT,37072,370,US,TN,"Davidson, Sumner, Robertson",36.35751,-86.74424,America/Chicago
CREATE,CTPPT,37130,371,US,TN,Rutherford,35.87897,-86.32911,America/Chicago
CREATE,CTPPT,37150,371,US,TN,"Macon, Clay",36.54102,-85.8135,America/Chicago
CREATE,CTPPT,37215,372,US,TN,"Davidson, Williamson",36.08192,-86.83469,America/Chicago
CREATE,CTPPT,37331,373,US,TN,McMinn,35.31936,-84.53023,America/New_York
CREATE,CTPPT,37340,373,US,TN,Marion,35.0317,-85.52315,America/Chicago
CREATE,CTPPT,37381,373,US,TN,"Rhea, Bledsoe",35.68138,-84.87675,America/New_York
CREATE,CTPPT,37616,376,US,TN,Greene,36.22652,-82.74757,America/New_York
CREATE,CTPPT,37721,377,US,TN,"Knox, Union",36.13176,-83.80706,America/New_York
CREATE,CTPPT,37870,378,US,TN,"Claiborne, Campbell, Union",36.46339,-83.83521,America/New_York
CREATE,CTPPT,37874,378,US,TN,"Monroe, McMinn, Loudon",35.5981,-84.45768,America/New_York
CREATE,CTPPT,37918,379,US,TN,Knox,36.06085,-83.90938,America/New_York
CREATE,CTPPT,37919,379,US,TN,Knox,35.9143,-84.0011,America/New_York
CREATE,CTPPT,38063,380,US,TN,"Lauderdale, Haywood",35.75577,-89.63995,America/Chicago
CREATE,CTPPT,38126,381,US,TN,Shelby,35.12695,-90.04363,America/Chicago
CREATE,CTPPT,38131,381,US,TN,Shelby,35.06631,-89.99205,America/Chicago
CREATE,CTPPT,38230,382,US,TN,Weakley,36.15611,-88.77124,America/Chicago
CREATE,CTPPT,38387,383,US,TN,Carroll,35.86743,-88.27749,America/Chicago
CREATE,CTPPT,38457,384,US,TN,Lawrence,35.02936,-87.28446,America/Chicago
CREATE,CTPPT,38469,384,US,TN,Lawrence,35.0718,-87.42725,America/Chicago
CREATE,CTPPT,38504,385,US,TN,"Fentress, Scott",36.39558,-84.72439,America/Chicago
CREATE,CTPPT,38633,386,US,MS,"Benton, Union",34.64142,-89.19457,America/Chicago
CREATE,CTPPT,38644,386,US,MS,Coahoma,34.46085,-90.49357,America/Chicago
CREATE,CTPPT,38666,386,US,MS,Panola,34.42655,-89.91679,America/Chicago
CREATE,CTPPT,38701,387,US,MS,Washington,33.30989,-91.04385,America/Chicago
CREATE,CTPPT,38736,387,US,MS,"Sunflower, Leflore",33.64538,-90.53814,America/Chicago
CREATE,CTPPT,38801,388,US,MS,"Lee, Pontotoc",34.22131,-88.77303,America/Chicago
CREATE,CTPPT,38850,388,US,MS,"Chickasaw, Pontotoc, Calhoun",34.04896,-89.05309,America/Chicago
CREATE,CTPPT,38965,389,US,MS,"Yalobusha, Lafayette, Calhoun, Panola",34.13567,-89.60006,America/Chicago
CREATE,CTPPT,39176,391,US,MS,"Carroll, Attala, Montgomery",33.30197,-89.76658,America/Chicago
CREATE,CTPPT,39213,392,US,MS,"Hinds, Madison",32.39247,-90.23371,America/Chicago
CREATE,CTPPT,39464,394,US,MS,"Jones, Perry",31.49249,-89.06775,America/Chicago
CREATE,CTPPT,39576,395,US,MS,Hancock,30.28877,-89.38377,America/Chicago
CREATE,CTPPT,39705,397,US,MS,Lowndes,33.58606,-88.43574,America/Chicago
CREATE,CTPPT,39773,397,US,MS,"Clay, Monroe",33.64257,-88.68528,America/Chicago
CREATE,CTPPT,39840,398,US,GA,Randolph,31.77755,-84.76738,America/New_York
CREATE,CTPPT,40014,400,US,KY,Oldham,38.34187,-85.43096,America/New_York
CREATE,CTPPT,40037,400,US,KY,"Marion, Nelson",37.65468,-85.41157,America/New_York
CREATE,CTPPT,40152,401,US,KY,Breckinridge,37.61503,-86.44294,America/Chicago
CREATE,CTPPT,40161,401,US,KY,Meade,38.00253,-86.39048,America/New_York
CREATE,CTPPT,40215,402,US,KY,Jefferson,38.19105,-85.78598,America/New_York
CREATE,CTPPT,40243,402,US,KY,Jefferson,38.23927,-85.53425,America/New_York
CREATE,CTPPT,40330,403,US,KY,"Mercer, Washington",37.7896,-84.89168,America/New_York
CREATE,CTPPT,40334,403,US,KY,"Montgomery, Bath",38.01466,-83.76562,America/New_York
CREATE,CTPPT,40339,403,US,KY,Jessamine,37.94188,-84.6443,America/New_York
CREATE,CTPPT,40387,403,US,KY,"Menifee, Morgan",37.93536,-83.49267,America/New_York
CREATE,CTPPT,40434,404,US,KY,Jackson,37.39449,-83.94037,America/New_York
CREATE,CTPPT,40437,404,US,KY,"Lincoln, Casey",37.44551,-84.86586,America/New_York
CREATE,CTPPT,40771,407,US,KY,"Knox, Whitley",36.85863,-84.03479,America/New_York
CREATE,CTPPT,40826,408,US,KY,Letcher,37.05391,-82.78091,America/New_York
CREATE,CTPPT,40873,408,US,KY,Harlan,36.8179,-83.40889,America/New_York
CREATE,CTPPT,40964,409,US,KY,Harlan,36.77285,-83.31337,America/New_York
CREATE,CTPPT,40983,409,US,KY,"Clay, Owsley",37.33297,-83.76662,America/New_York
CREATE,CTPPT,41010,410,US,KY,"Grant, Owen, Harrison, Scott",38.49773,-84.60525,America/New_York
CREATE,CTPPT,41039,410,US,KY,"Fleming, Nicholas",38.41149,-83.88076,America/New_York
CREATE,CTPPT,41048,410,US,KY,Boone,39.09489,-84.70691,America/New_York
CREATE,CTPPT,41076,410,US,KY,Campbell,39.01784,-84.43591,America/New_York
CREATE,CTPPT,41080,410,US,KY,Boone,39.05046,-84.83039,America/New_York
CREATE,CTPPT,41226,412,US,KY,Johnson,37.98036,-82.95574,America/New_York
CREATE,CTPPT,41366,413,US,KY,Breathitt,37.59477,-83.21869,America/New_York
CREATE,CTPPT,41612,416,US,KY,Floyd,37.35431,-82.72306,America/New_York
CREATE,CTPPT,41643,416,US,KY,"Knott, Floyd",37.46001,-82.8326,America/New_York
CREATE,CTPPT,41723,417,US,KY,"Perry, Leslie",37.25347,-83.31956,America/New_York
CREATE,CTPPT,41763,417,US,KY,Perry,37.05686,-83.12943,America/New_York
CREATE,CTPPT,41777,417,US,KY,Leslie,37.06254,-83.23274,America/New_York
CREATE,CTPPT,41822,418,US,KY,Knott,37.32615,-82.97337,America/New_York
CREATE,CTPPT,42028,420,US,KY,Livingston,37.23925,-88.3379,America/Chicago
CREATE,CTPPT,42044,420,US,KY,Marshall,36.95872,-88.26478,America/Chicago
CREATE,CTPPT,42055,420,US,KY,Lyon,37.06848,-88.16781,America/Chicago
CREATE,CTPPT,42103,421,US,KY,Warren,36.94903,-86.33253,America/Chicago
CREATE,CTPPT,42140,421,US,KY,Monroe,36.65651,-85.83405,America/Chicago
CREATE,CTPPT,42207,422,US,KY,"Edmonson, Grayson",37.3034,-86.27858,America/Chicago
CREATE,CTPPT,42215,422,US,KY,"Christian, Trigg",36.99698,-87.66707,America/Chicago
CREATE,CTPPT,42321,423,US,KY,Muhlenberg,37.17156,-87.05596,America/Chicago
CREATE,CTPPT,42351,423,US,KY,"Hancock, Daviess",37.90602,-86.87955,America/Chicago
CREATE,CTPPT,42408,424,US,KY,"Hopkins, Caldwell, Christian",37.18064,-87.6943,America/Chicago
CREATE,CTPPT,42437,424,US,KY,"Union, Webster",37.66395,-87.93655,America/Chicago
CREATE,CTPPT,42440,424,US,KY,Hopkins,37.24155,-87.4649,America/Chicago
CREATE,CTPPT,42519,425,US,KY,Pulaski,36.93932,-84.53574,America/New_York
CREATE,CTPPT,42528,425,US,KY,"Casey, Russell, Adair",37.18413,-85.01403,America/Chicago
CREATE,CTPPT,43001,430,US,OH,Licking,40.08865,-82.61366,America/New_York
CREATE,CTPPT,43014,430,US,OH,Knox,40.47131,-82.2564,America/New_York
CREATE,CTPPT,43066,430,US,OH,Delaware,40.3977,-83.16451,America/New_York
CREATE,CTPPT,43152,431,US,OH,"Hocking, Vinton",39.39444,-82.61485,America/New_York
CREATE,CTPPT,43334,433,US,OH,"Morrow, Delaware",40.40049,-82.80419,America/New_York
CREATE,CTPPT,43420,434,US,OH,Sandusky,41.35774,-83.11204,America/New_York
CREATE,CTPPT,43521,435,US,OH,"Fulton, Williams",41.66297,-84.29867,America/New_York
CREATE,CTPPT,43534,435,US,OH,Henry,41.35557,-83.93006,America/New_York
CREATE,CTPPT,43556,435,US,OH,Defiance,41.30608,-84.56989,America/New_York
CREATE,CTPPT,43721,437,US,OH,Licking,39.94887,-82.2599,America/New_York
CREATE,CTPPT,43761,437,US,OH,Perry,39.66793,-82.14685,America/New_York
CREATE,CTPPT,43811,438,US,OH,Coshocton,40.18324,-81.92621,America/New_York
CREATE,CTPPT,43946,439,US,OH,Monroe,39.65071,-80.96512,America/New_York
CREATE,CTPPT,44039,440,US,OH,Lorain,41.3847,-82.0196,America/New_York
CREATE,CTPPT,44060,440,US,OH,"Lake, Geauga",41.678,-81.3285,America/New_York
CREATE,CTPPT,44126,441,US,OH,Cuyahoga,41.44175,-81.85303,America/New_York
CREATE,CTPPT,44134,441,US,OH,Cuyahoga,41.38533,-81.70451,America/New_York
CREATE,CTPPT,44135,441,US,OH,Cuyahoga,41.4257,-81.81966,America/New_York
CREATE,CTPPT,44287,442,US,OH,"Wayne, Ashland, Medina",40.93909,-82.10109,America/New_York
CREATE,CTPPT,44401,444,US,OH,Mahoning,41.02259,-80.94521,America/New_York
CREATE,CTPPT,44652,446,US,OH,Stark,40.90044,-81.32618,America/New_York
CREATE,CTPPT,44653,446,US,OH,Tuscarawas,40.43606,-81.37023,America/New_York
CREATE,CTPPT,44822,448,US,OH,"Richland, Knox",40.55722,-82.39861,America/New_York
CREATE,CTPPT,44880,448,US,OH,"Ashland, Lorain, Medina",41.03411,-82.22035,America/New_York
CREATE,CTPPT,44883,448,US,OH,Seneca,41.12373,-83.17331,America/New_York
CREATE,CTPPT,45001,450,US,OH,Hamilton,39.13918,-84.71233,America/New_York
CREATE,CTPPT,45042,450,US,OH,"Butler, Preble, Warren",39.54879,-84.43796,America/New_York
CREATE,CTPPT,45051,450,US,OH,Hamilton,39.09796,-84.64662,America/New_York
CREATE,CTPPT,45121,451,US,OH,"Brown, Clermont",38.87002,-83.90363,America/New_York
CREATE,CTPPT,45236,452,US,OH,Hamilton,39.20981,-84.3973,America/New_York
CREATE,CTPPT,45303,453,US,OH,Darke,40.21593,-84.65781,America/New_York
CREATE,CTPPT,45336,453,US,OH,Shelby,40.44015,-84.26137,America/New_York
CREATE,CTPPT,45338,453,US,OH,Preble,39.84999,-84.54359,America/New_York
CREATE,CTPPT,45351,453,US,OH,Darke,40.33941,-84.4952,America/New_York
CREATE,CTPPT,45415,454,US,OH,Montgomery,39.83457,-84.25698,America/New_York
CREATE,CTPPT,45673,456,US,OH,Ross,39.20394,-82.81214,America/New_York
CREATE,CTPPT,45742,457,US,OH,"Washington, Athens",39.2855,-81.72908,America/New_York
CREATE,CTPPT,45746,457,US,OH,"Washington, Noble",39.60991,-81.45918,America/New_York
CREATE,CTPPT,45784,457,US,OH,Washington,39.38717,-81.68722,America/New_York
CREATE,CTPPT,45788,457,US,OH,Washington,39.51363,-81.36686,America/New_York
CREATE,CTPPT,45814,458,US,OH,Hancock,40.9019,-83.61406,America/New_York
CREATE,CTPPT,45821,458,US,OH,"Paulding, Defiance",41.22627,-84.56425,America/New_York
CREATE,CTPPT,45828,458,US,OH,Mercer,40.48671,-84.67532,America/New_York
CREATE,CTPPT,45877,458,US,OH,"Putnam, Allen, Hancock",40.9558,-83.93683,America/New_York
CREATE,CTPPT,46016,460,US,IN,Madison,40.09784,-85.68144,America/Indiana/Indianapolis
CREATE,CTPPT,46056,460,US,IN,"Madison, Hancock",39.97523,-85.61202,America/Indiana/Indianapolis
CREATE,CTPPT,46060,460,US,IN,"Hamilton, Madison",40.06598,-85.93091,America/Indiana/Indianapolis
CREATE,CTPPT,46149,461,US,IN,Hendricks,39.88594,-86.55754,America/Indiana/Indianapolis
CREATE,CTPPT,46256,462,US,IN,"Marion, Hamilton",39.90684,-86.01179,America/Indiana/Indianapolis
CREATE,CTPPT,46324,463,US,IN,Lake,41.58307,-87.50169,America/Chicago
CREATE,CTPPT,46540,465,US,IN,"Elkhart, LaGrange",41.67669,-85.69838,America/Indiana/Indianapolis
CREATE,CTPPT,46637,466,US,IN,St. Joseph,41.73375,-86.24157,America/Indiana/Indianapolis
CREATE,CTPPT,46738,467,US,IN,DeKalb,41.32174,-85.13686,America/Indiana/Indianapolis
CREATE,CTPPT,46746,467,US,IN,LaGrange,41.72278,-85.34525,America/Detroit
CREATE,CTPPT,46764,467,US,IN,"Whitley, Noble",41.22191,-85.62194,America/Indiana/Indianapolis
CREATE,CTPPT,46779,467,US,IN,Steuben,41.57441,-85.03508,America/Indiana/Indianapolis
CREATE,CTPPT,46928,469,US,IN,"Grant, Madison",40.40805,-85.68637,America/Indiana/Indianapolis
CREATE,CTPPT,47010,470,US,IN,"Franklin, Union",39.50069,-84.84148,America/Indiana/Indianapolis
CREATE,CTPPT,47111,471,US,IN,Clark,38.46471,-85.62776,America/Kentucky/Louisville
CREATE,CTPPT,47130,471,US,IN,Clark,38.33516,-85.69714,America/Kentucky/Louisville
CREATE,CTPPT,47272,472,US,IN,"Decatur, Shelby",39.41234,-85.62046,America/Indiana/Indianapolis
CREATE,CTPPT,47302,473,US,IN,"Delaware, Henry",40.12999,-85.37673,America/Indiana/Indianapolis
CREATE,CTPPT,47393,473,US,IN,"Wayne, Randolph",39.96395,-85.00188,America/Indiana/Indianapolis
CREATE,CTPPT,47429,474,US,IN,Monroe,39.27332,-86.61593,America/Indiana/Indianapolis
CREATE,CTPPT,47443,474,US,IN,Greene,38.95976,-87.09107,America/Indiana/Indianapolis
CREATE,CTPPT,47453,474,US,IN,Greene,38.92528,-86.7742,America/Indiana/Indianapolis
CREATE,CTPPT,47713,477,US,IN,Vanderburgh,37.954,-87.55959,America/Chicago
CREATE,CTPPT,47725,477,US,IN,"Vanderburgh, Gibson, Warrick",38.10708,-87.52564,America/Chicago
CREATE,CTPPT,47802,478,US,IN,"Vigo, Clay",39.3511,-87.40744,America/Indiana/Indianapolis
CREATE,CTPPT,47909,479,US,IN,Tippecanoe,40.32346,-86.90075,America/Indiana/Indianapolis
CREATE,CTPPT,47918,479,US,IN,"Fountain, Warren, Tippecanoe",40.30479,-87.20376,America/Indiana/Indianapolis
CREATE,CTPPT,47924,479,US,IN,Tippecanoe,40.48792,-86.7631,America/Indiana/Indianapolis
CREATE,CTPPT,47980,479,US,IN,White,40.75274,-86.90378,America/Indiana/Indianapolis
CREATE,CTPPT,47982,479,US,IN,Warren,40.19735,-87.52696,America/Indiana/Indianapolis
CREATE,CTPPT,47994,479,US,IN,Montgomery,40.16927,-87.06217,America/Indiana/Indianapolis
CREATE,CTPPT,48038,480,US,MI,Macomb,42.60546,-82.94158,America/Detroit
CREATE,CTPPT,48041,480,US,MI,"St. Clair, Macomb",42.93873,-82.80268,America/Detroit
CREATE,CTPPT,48070,480,US,MI,Oakland,42.48163,-83.16844,America/Detroit
CREATE,CTPPT,48096,480,US,MI,Macomb,42.76136,-82.92003,America/Detroit
CREATE,CTPPT,48133,481,US,MI,Monroe,41.7812,-83.48594,America/Detroit
CREATE,CTPPT,48192,481,US,MI,Wayne,42.20834,-83.16162,America/Detroit
CREATE,CTPPT,48438,484,US,MI,"Genesee, Lapeer",42.91236,-83.47688,America/Detroit
CREATE,CTPPT,48475,484,US,MI,"Huron, Sanilac",43.67062,-82.93945,America/Detroit
CREATE,CTPPT,48602,486,US,MI,Saginaw,43.41969,-83.97466,America/Detroit
CREATE,CTPPT,48629,486,US,MI,Roscommon,44.31164,-84.77662,America/Detroit
CREATE,CTPPT,48724,487,US,MI,Saginaw,43.46004,-83.92283,America/Detroit
CREATE,CTPPT,48733,487,US,MI,Tuscola,43.53286,-83.5907,America/Detroit
CREATE,CTPPT,48735,487,US,MI,"Tuscola, Huron",43.66824,-83.27345,America/Detroit
CREATE,CTPPT,48740,487,US,MI,Alcona,44.66021,-83.37952,America/Detroit
CREATE,CTPPT,48816,488,US,MI,Livingston,42.76398,-83.95447,America/Detroit
CREATE,CTPPT,48821,488,US,MI,"Eaton, Ingham",42.63938,-84.64707,America/Detroit
CREATE,CTPPT,48843,488,US,MI,Livingston,42.56904,-83.92628,America/Detroit
CREATE,CTPPT,48857,488,US,MI,Shiawassee,42.84251,-84.1553,America/Detroit
CREATE,CTPPT,48881,488,US,MI,Ionia,42.93281,-85.20153,America/Detroit
CREATE,CTPPT,48890,488,US,MI,"Eaton, Ionia",42.76963,-84.96872,America/Detroit
CREATE,CTPPT,49053,490,US,MI,Kalamazoo,42.28896,-85.4163,America/Detroit
CREATE,CTPPT,49068,490,US,MI,Calhoun,42.27682,-84.94084,America/Detroit
CREATE,CTPPT,49277,492,US,MI,Jackson,42.38734,-84.46528,America/Detroit
CREATE,CTPPT,49342,493,US,MI,Mecosta,43.69241,-85.32222,America/Detroit
CREATE,CTPPT,49406,494,US,MI,Allegan,42.64221,-86.20249,America/Detroit
CREATE,CTPPT,49689,496,US,MI,"Manistee, Wexford",44.21424,-85.90753,America/Detroit
CREATE,CTPPT,49733,497,US,MI,"Crawford, Otsego",44.80858,-84.70122,America/Detroit
CREATE,CTPPT,49791,497,US,MI,Cheboygan,45.48686,-84.59583,America/Detroit
CREATE,CTPPT,49812,498,US,MI,Menominee,45.59335,-87.49817,America/Menominee
CREATE,CTPPT,50051,500,US,IA,Marshall,42.13446,-93.14126,America/Chicago
CREATE,CTPPT,50117,501,US,IA,Audubon,41.66819,-94.85988,America/Chicago
CREATE,CTPPT,50217,502,US,IA,"Greene, Boone",42.17387,-94.24943,America/Chicago
CREATE,CTPPT,50219,502,US,IA,"Marion, Mahaska",41.42365,-92.89833,America/Chicago
CREATE,CTPPT,50234,502,US,IA,"Marshall, Jasper",41.89146,-93.18454,America/Chicago
CREATE,CTPPT,50240,502,US,IA,"Madison, Warren",41.29506,-93.79469,America/Chicago
CREATE,CTPPT,50251,502,US,IA,Jasper,41.56878,-92.87127,America/Chicago
CREATE,CTPPT,50455,504,US,IA,Mitchell,43.45691,-92.64977,America/Chicago
CREATE,CTPPT,50519,505,US,IA,"Humboldt, Kossuth",42.90172,-94.26289,America/Chicago
CREATE,CTPPT,50524,505,US,IA,"Webster, Pocahontas",42.60255,-94.3559,America/Chicago
CREATE,CTPPT,50551,505,US,IA,Calhoun,42.47954,-94.75105,America/Chicago
CREATE,CTPPT,50585,505,US,IA,"Buena Vista, Clay",42.91313,-95.13809,America/Chicago
CREATE,CTPPT,50613,506,US,IA,"Black Hawk, Grundy, Butler",42.53309,-92.48895,America/Chicago
CREATE,CTPPT,50622,506,US,IA,Bremer,42.67305,-92.3352,America/Chicago
CREATE,CTPPT,50630,506,US,IA,"Chickasaw, Bremer",42.95627,-92.2127,America/Chicago
CREATE,CTPPT,50707,507,US,IA,Black Hawk,42.47933,-92.27892,America/Chicago
CREATE,CTPPT,50845,508,US,IA,"Ringgold, Union",40.81871,-94.35236,America/Chicago
CREATE,CTPPT,51031,510,US,IA,Plymouth,42.80163,-96.17911,America/Chicago
CREATE,CTPPT,51105,511,US,IA,Woodbury,42.50866,-96.36643,America/Chicago
CREATE,CTPPT,51109,511,US,IA,"Woodbury, Plymouth",42.59486,-96.47856,America/Chicago
CREATE,CTPPT,51443,514,US,IA,Carroll,42.08044,-94.7025,America/Chicago
CREATE,CTPPT,51573,515,US,IA,Montgomery,40.97948,-95.09532,America/Chicago
CREATE,CTPPT,51656,516,US,IA,Page,40.73471,-95.1563,America/Chicago
CREATE,CTPPT,52041,520,US,IA,Delaware,42.50616,-91.25694,America/Chicago
CREATE,CTPPT,52046,520,US,IA,Dubuque,42.43833,-91.01309,America/Chicago
CREATE,CTPPT,52057,520,US,IA,Delaware,42.48979,-91.45472,America/Chicago
CREATE,CTPPT,52065,520,US,IA,"Dubuque, Delaware",42.58298,-91.10622,America/Chicago
CREATE,CTPPT,52077,520,US,IA,Clayton,42.8225,-91.55697,America/Chicago
CREATE,CTPPT,52218,522,US,IA,"Linn, Buchanan, Delaware",42.2925,-91.53606,America/Chicago
CREATE,CTPPT,52333,523,US,IA,"Johnson, Cedar",41.80621,-91.49268,America/Chicago
CREATE,CTPPT,52342,523,US,IA,Tama,42.05139,-92.55782,America/Chicago
CREATE,CTPPT,52554,525,US,IA,"Wapello, Jefferson, Van Buren, Davis",40.92594,-92.22927,America/Chicago
CREATE,CTPPT,52576,525,US,IA,Keokuk,41.21359,-92.11125,America/Chicago
CREATE,CTPPT,52591,525,US,IA,Keokuk,41.32085,-92.19297,America/Chicago
CREATE,CTPPT,52627,526,US,IA,Lee,40.66821,-91.34874,America/Chicago
CREATE,CTPPT,53014,530,US,WI,"Calumet, Manitowoc, Fond du Lac",44.02436,-88.175,America/Chicago
CREATE,CTPPT,53031,530,US,WI,Sheboygan,43.63914,-87.91563,America/Chicago
CREATE,CTPPT,53038,530,US,WI,Jefferson,43.08335,-88.78702,America/Chicago
CREATE,CTPPT,53058,530,US,WI,Waukesha,43.10999,-88.4035,America/Chicago
CREATE,CTPPT,53076,530,US,WI,Washington,43.2684,-88.20707,America/Chicago
CREATE,CTPPT,53137,531,US,WI,Jefferson,43.00563,-88.6687,America/Chicago
CREATE,CTPPT,53139,531,US,WI,"Racine, Kenosha",42.68594,-88.11952,America/Chicago
CREATE,CTPPT,53404,534,US,WI,Racine,42.75379,-87.81121,America/Chicago
CREATE,CTPPT,53563,535,US,WI,"Rock, Jefferson",42.7917,-88.93357,America/Chicago
CREATE,CTPPT,53572,535,US,WI,"Dane, Green",42.96143,-89.73562,America/Chicago
CREATE,CTPPT,53586,535,US,WI,Lafayette,42.57309,-90.22662,America/Chicago
CREATE,CTPPT,53817,538,US,WI,Grant,42.94508,-90.96765,America/Chicago
CREATE,CTPPT,53827,538,US,WI,Grant,43.05207,-90.83367,America/Chicago
CREATE,CTPPT,53924,539,US,WI,"Richland, Sauk",43.48544,-90.25622,America/Chicago
CREATE,CTPPT,53947,539,US,WI,Green Lake,43.74678,-89.14009,America/Chicago
CREATE,CTPPT,54001,540,US,WI,Polk,45.33476,-92.38718,America/Chicago
CREATE,CTPPT,54009,540,US,WI,Polk,45.3528,-92.57797,America/Chicago
CREATE,CTPPT,54014,540,US,WI,Pierce,44.64671,-92.56764,America/Chicago
CREATE,CTPPT,54130,541,US,WI,"Outagamie, Brown, Calumet",44.31239,-88.24169,America/Chicago
CREATE,CTPPT,54166,541,US,WI,Shawano,44.77703,-88.63245,America/Chicago
CREATE,CTPPT,54406,544,US,WI,Portage,44.40962,-89.31085,America/Chicago
CREATE,CTPPT,54457,544,US,WI,"Wood, Adams, Juneau",44.22743,-89.89145,America/Chicago
CREATE,CTPPT,54558,545,US,WI,"Vilas, Oneida",45.92342,-89.50139,America/Chicago
CREATE,CTPPT,54568,545,US,WI,"Vilas, Oneida",45.94645,-89.67527,America/Chicago
CREATE,CTPPT,54601,546,US,WI,La Crosse,43.80439,-91.1425,America/Chicago
CREATE,CTPPT,54623,546,US,WI,"Vernon, La Crosse",43.73042,-91.01906,America/Chicago
CREATE,CTPPT,54624,546,US,WI,"Vernon, Crawford",43.46795,-91.13957,America/Chicago
CREATE,CTPPT,54626,546,US,WI,Crawford,43.21702,-91.03844,America/Chicago
CREATE,CTPPT,54630,546,US,WI,Trempealeau,44.1009,-91.35798,America/Chicago
CREATE,CTPPT,54667,546,US,WI,"Vernon, La Crosse",43.66723,-90.85913,America/Chicago
CREATE,CTPPT,54729,547,US,WI,"Chippewa, Eau Claire",44.94402,-91.39495,America/Chicago
CREATE,CTPPT,54733,547,US,WI,Barron,45.27787,-91.85681,America/Chicago
CREATE,CTPPT,54768,547,US,WI,"Chippewa, Clark, Eau Claire, Taylor",44.95702,-90.92924,America/Chicago
CREATE,CTPPT,54820,548,US,WI,"Douglas, Bayfield",46.5718,-91.56072,America/Chicago
CREATE,CTPPT,54867,548,US,WI,Sawyer,45.78494,-91.22066,America/Chicago
CREATE,CTPPT,54868,548,US,WI,"Barron, Rusk, Washburn",45.52596,-91.71346,America/Chicago
CREATE,CTPPT,54875,548,US,WI,Washburn,45.97,-91.69431,America/Chicago
CREATE,CTPPT,54901,549,US,WI,Winnebago,44.06283,-88.53313,America/Chicago
CREATE,CTPPT,55032,550,US,MN,Chisago,45.58823,-92.99162,America/Chicago
CREATE,CTPPT,55033,550,US,MN,"Dakota, Washington, Goodhue",44.713,-92.86373,America/Chicago
CREATE,CTPPT,55073,550,US,MN,"Washington, Chisago",45.27293,-92.82494,America/Chicago
CREATE,CTPPT,55106,551,US,MN,Ramsey,44.96353,-93.04827,America/Chicago
CREATE,CTPPT,55124,551,US,MN,Dakota,44.74557,-93.20073,America/Chicago
CREATE,CTPPT,55314,553,US,MN,"Renville, Sibley",44.76936,-94.59938,America/Chicago
CREATE,CTPPT,55385,553,US,MN,"McLeod, Renville, Sibley",44.73835,-94.49127,America/Chicago
CREATE,CTPPT,55395,553,US,MN,"McLeod, Carver",44.9534,-94.06546,America/Chicago
CREATE,CTPPT,55431,554,US,MN,Hennepin,44.82605,-93.31243,America/Chicago
CREATE,CTPPT,55446,554,US,MN,Hennepin,45.04404,-93.48754,America/Chicago
CREATE,CTPPT,55606,556,US,MN,Cook,47.93521,-89.99773,America/Chicago
CREATE,CTPPT,55731,557,US,MN,"St. Louis, Lake",47.97722,-91.65229,America/Chicago
CREATE,CTPPT,55753,557,US,MN,Itasca,47.39547,-93.08159,America/Chicago
CREATE,CTPPT,55765,557,US,MN,St. Louis,47.10843,-92.76083,America/Chicago
CREATE,CTPPT,55786,557,US,MN,Itasca,47.31638,-93.39046,America/Chicago
CREATE,CTPPT,55804,558,US,MN,St. Louis,46.93687,-91.93249,America/Chicago
CREATE,CTPPT,55934,559,US,MN,Olmsted,44.00402,-92.26424,America/Chicago
CREATE,CTPPT,55940,559,US,MN,"Dodge, Olmsted",43.89491,-92.80423,America/Chicago
CREATE,CTPPT,55945,559,US,MN,Wabasha,44.27089,-92.06606,America/Chicago
CREATE,CTPPT,56088,560,US,MN,"Martin, Watonwan, Blue Earth",43.82613,-94.44562,America/Chicago
CREATE,CTPPT,56114,561,US,MN,Murray,43.97713,-95.59835,America/Chicago
CREATE,CTPPT,56153,561,US,MN,Nobles,43.8331,-96.01097,America/Chicago
CREATE,CTPPT,56225,562,US,MN,Big Stone,45.45313,-96.4369,America/Chicago
CREATE,CTPPT,56244,562,US,MN,"Stevens, Pope, Swift",45.48197,-95.78307,America/Chicago
CREATE,CTPPT,56258,562,US,MN,"Lyon, Redwood",44.44389,-95.76046,America/Chicago
CREATE,CTPPT,56279,562,US,MN,Kandiyohi,45.21742,-95.17399,America/Chicago
CREATE,CTPPT,56284,562,US,MN,"Renville, Kandiyohi, Redwood",44.78469,-95.20234,America/Chicago
CREATE,CTPPT,56312,563,US,MN,"Stearns, Kandiyohi",45.4635,-94.95258,America/Chicago
CREATE,CTPPT,56328,563,US,MN,Morrison,45.9547,-94.51757,America/Chicago
CREATE,CTPPT,56359,563,US,MN,Mille Lacs,46.08377,-93.66374,America/Chicago
CREATE,CTPPT,56438,564,US,MN,Todd,46.13804,-94.80893,America/Chicago
CREATE,CTPPT,56448,564,US,MN,"Crow Wing, Cass",46.76812,-94.09042,America/Chicago
CREATE,CTPPT,56521,565,US,MN,Becker,46.99834,-95.89688,America/Chicago
CREATE,CTPPT,56580,565,US,MN,Clay,46.73588,-96.60707,America/Chicago
CREATE,CTPPT,56681,566,US,MN,Itasca,47.60997,-94.25265,America/Chicago
CREATE,CTPPT,56759,567,US,MN,"Roseau, Marshall",48.54587,-96.08797,America/Chicago
CREATE,CTPPT,57021,570,US,SD,Turner,43.27028,-96.97796,America/Chicago
CREATE,CTPPT,57035,570,US,SD,"Minnehaha, McCook",43.63214,-97.07453,America/Chicago
CREATE,CTPPT,57266,572,US,SD,"Roberts, Grant",45.27903,-97.09701,America/Chicago
CREATE,CTPPT,57376,573,US,SD,"Hutchinson, Bon Homme",43.21571,-97.94065,America/Chicago
CREATE,CTPPT,57540,575,US,SD,Hyde,44.51898,-99.6073,America/Chicago
CREATE,CTPPT,57555,575,US,SD,Todd,43.24342,-100.6321,America/Chicago
CREATE,CTPPT,57571,575,US,SD,Gregory,43.08528,-99.09257,America/Chicago
CREATE,CTPPT,57577,575,US,SD,"Jackson, Bennett",43.5417,-101.67957,America/Denver
CREATE,CTPPT,57621,576,US,SD,Corson,45.7492,-101.07488,America/Denver
CREATE,CTPPT,58004,580,US,ND,Cass,47.02568,-97.26258,America/Chicago
CREATE,CTPPT,58201,582,US,ND,Grand Forks,47.87121,-97.14106,America/Chicago
CREATE,CTPPT,58210,582,US,ND,Walsh,48.40897,-98.10711,America/Chicago
CREATE,CTPPT,58239,582,US,ND,Cavalier,48.94042,-98.70665,America/Chicago
CREATE,CTPPT,58425,584,US,ND,Griggs,47.45614,-98.1243,America/Chicago
CREATE,CTPPT,58477,584,US,ND,Burleigh,47.21577,-100.50904,America/Chicago
CREATE,CTPPT,58544,585,US,ND,Emmons,46.50851,-100.36917,America/Chicago
CREATE,CTPPT,58561,585,US,ND,Logan,46.48704,-99.68333,America/Chicago
CREATE,CTPPT,58573,585,US,ND,Emmons,46.10009,-100.20329,America/Chicago
CREATE,CTPPT,58734,587,US,ND,"Ward, Mountrail, Renville",48.51538,-101.94471,America/Chicago
CREATE,CTPPT,59024,590,US,MT,"Yellowstone, Big Horn",46.20104,-107.71123,America/Denver
CREATE,CTPPT,59064,590,US,MT,"Yellowstone, Big Horn",45.88238,-107.90781,America/Denver
CREATE,CTPPT,59418,594,US,MT,"Judith Basin, Fergus",46.79849,-109.91236,America/Denver
CREATE,CTPPT,59453,594,US,MT,"Wheatland, Fergus, Judith Basin",46.64953,-109.63272,America/Denver
CREATE,CTPPT,59463,594,US,MT,"Cascade, Judith Basin",47.03563,-110.83089,America/Denver
CREATE,CTPPT,59601,596,US,MT,"Lewis and Clark, Jefferson",46.53983,-112.17642,America/Denver
CREATE,CTPPT,59714,597,US,MT,Gallatin,45.97984,-111.13976,America/Denver
CREATE,CTPPT,59855,598,US,MT,Lake,47.60547,-114.11852,America/Denver
CREATE,CTPPT,59865,598,US,MT,Lake,47.32883,-114.01011,America/Denver
CREATE,CTPPT,60015,600,US,IL,"Lake, Cook",42.17251,-87.87481,America/Chicago
CREATE,CTPPT,60045,600,US,IL,Lake,42.23839,-87.86978,America/Chicago
CREATE,CTPPT,60053,600,US,IL,Cook,42.04234,-87.78897,America/Chicago
CREATE,CTPPT,60062,600,US,IL,Cook,42.12656,-87.84438,America/Chicago
CREATE,CTPPT,60085,600,US,IL,Lake,42.35333,-87.86825,America/Chicago
CREATE,CTPPT,60139,601,US,IL,DuPage,41.91932,-88.07787,America/Chicago
CREATE,CTPPT,60155,601,US,IL,Cook,41.85781,-87.85636,America/Chicago
CREATE,CTPPT,60401,604,US,IL,"Will, Kankakee",41.34397,-87.61375,America/Chicago
CREATE,CTPPT,60531,605,US,IL,"LaSalle, DeKalb",41.6157,-88.78691,America/Chicago
CREATE,CTPPT,60540,605,US,IL,DuPage,41.76365,-88.14515,America/Chicago
CREATE,CTPPT,60661,606,US,IL,Cook,41.88309,-87.64401,America/Chicago
CREATE,CTPPT,60910,609,US,IL,Kankakee,41.07877,-87.80859,America/Chicago
CREATE,CTPPT,61241,612,US,IL,Henry,41.4885,-90.32095,America/Chicago
CREATE,CTPPT,61310,613,US,IL,Lee,41.70002,-89.34998,America/Chicago
CREATE,CTPPT,61318,613,US,IL,Lee,41.71213,-89.07967,America/Chicago
CREATE,CTPPT,61335,613,US,IL,Putnam,41.16353,-89.22467,America/Chicago
CREATE,CTPPT,61363,613,US,IL,Putnam,41.25423,-89.18246,America/Chicago
CREATE,CTPPT,61453,614,US,IL,"Warren, Henderson",41.01218,-90.76418,America/Chicago
CREATE,CTPPT,61489,614,US,IL,"Knox, Peoria",40.93399,-90.02847,America/Chicago
CREATE,CTPPT,61544,615,US,IL,"Fulton, Knox",40.69175,-90.24007,America/Chicago
CREATE,CTPPT,61611,616,US,IL,"Tazewell, Woodford",40.71049,-89.53566,America/Chicago
CREATE,CTPPT,61720,617,US,IL,McLean,40.55471,-88.51447,America/Chicago
CREATE,CTPPT,61755,617,US,IL,Tazewell,40.52794,-89.33596,America/Chicago
CREATE,CTPPT,61848,618,US,IL,Vermilion,40.30806,-87.70278,America/Chicago
CREATE,CTPPT,61857,618,US,IL,Vermilion,40.11662,-87.84223,America/Chicago
CREATE,CTPPT,61872,618,US,IL,"Champaign, Douglas",39.9387,-88.37719,America/Chicago
CREATE,CTPPT,61957,619,US,IL,"Shelby, Moultrie",39.43961,-88.61112,America/Chicago
CREATE,CTPPT,62030,620,US,IL,Jersey,39.15463,-90.16445,America/Chicago
CREATE,CTPPT,62053,620,US,IL,Calhoun,39.32513,-90.66106,America/Chicago
CREATE,CTPPT,62086,620,US,IL,"Bond, Montgomery",38.9825,-89.58099,America/Chicago
CREATE,CTPPT,62095,620,US,IL,Madison,38.86228,-90.0692,America/Chicago
CREATE,CTPPT,62250,622,US,IL,Clinton,38.54083,-89.266,America/Chicago
CREATE,CTPPT,62254,622,US,IL,St. Clair,38.60743,-89.82137,America/Chicago
CREATE,CTPPT,62439,624,US,IL,Lawrence,38.74656,-87.63528,America/Chicago
CREATE,CTPPT,62440,624,US,IL,"Coles, Cumberland",39.3955,-88.26791,America/Chicago
CREATE,CTPPT,62480,624,US,IL,Jasper,38.99856,-88.00156,America/Chicago
CREATE,CTPPT,62537,625,US,IL,Macon,39.85317,-89.09467,America/Chicago
CREATE,CTPPT,62550,625,US,IL,"Shelby, Christian, Macon",39.61145,-88.99191,America/Chicago
CREATE,CTPPT,62557,625,US,IL,"Christian, Shelby, Montgomery",39.39705,-89.10482,America/Chicago
CREATE,CTPPT,62806,628,US,IL,Edwards,38.38184,-88.07486,America/Chicago
CREATE,CTPPT,62844,628,US,IL,"White, Edwards",38.25814,-88.04625,America/Chicago
CREATE,CTPPT,62886,628,US,IL,Wayne,38.37892,-88.53984,America/Chicago
CREATE,CTPPT,62979,629,US,IL,Gallatin,37.8161,-88.19181,America/Chicago
CREATE,CTPPT,63084,630,US,MO,Franklin,38.41787,-91.01283,America/Chicago
CREATE,CTPPT,63106,631,US,MO,St. Louis,38.64445,-90.20839,America/Chicago
CREATE,CTPPT,63121,631,US,MO,St. Louis,38.70721,-90.30136,America/Chicago
CREATE,CTPPT,63376,633,US,MO,St. Charles,38.79989,-90.61738,America/Chicago
CREATE,CTPPT,63433,634,US,MO,Pike,39.53296,-91.13169,America/Chicago
CREATE,CTPPT,63540,635,US,MO,Adair,40.10398,-92.40659,America/Chicago
CREATE,CTPPT,63543,635,US,MO,Scotland,40.35696,-92.00855,America/Chicago
CREATE,CTPPT,63566,635,US,MO,"Sullivan, Linn",40.0503,-92.9253,America/Chicago
CREATE,CTPPT,63801,638,US,MO,"Scott, New Madrid, Stoddard",36.89805,-89.6053,America/Chicago
CREATE,CTPPT,63951,639,US,MO,Wayne,37.12085,-90.26341,America/Chicago
CREATE,CTPPT,64063,640,US,MO,Jackson,38.912,-94.35166,America/Chicago
CREATE,CTPPT,64072,640,US,MO,Clay,39.23946,-94.29343,America/Chicago
CREATE,CTPPT,64081,640,US,MO,Jackson,38.90705,-94.40411,America/Chicago
CREATE,CTPPT,64126,641,US,MO,Jackson,39.09042,-94.49617,America/Chicago
CREATE,CTPPT,64127,641,US,MO,Jackson,39.08914,-94.53856,America/Chicago
CREATE,CTPPT,64441,644,US,MO,"Worth, Gentry",40.3982,-94.26605,America/Chicago
CREATE,CTPPT,64448,644,US,MO,Buchanan,39.59986,-94.81899,America/Chicago
CREATE,CTPPT,64752,647,US,MO,"Bates, Vernon",38.06547,-94.56768,America/Chicago
CREATE,CTPPT,64840,648,US,MO,"Newton, Jasper",37.01818,-94.33319,America/Chicago
CREATE,CTPPT,65017,650,US,MO,"Miller, Camden",38.09075,-92.49776,America/Chicago
CREATE,CTPPT,65260,652,US,MO,"Randolph, Macon, Monroe",39.58659,-92.39629,America/Chicago
CREATE,CTPPT,65287,652,US,MO,"Cooper, Moniteau",38.88948,-92.52653,America/Chicago
CREATE,CTPPT,65336,653,US,MO,"Johnson, Pettis",38.78331,-93.56732,America/Chicago
CREATE,CTPPT,65441,654,US,MO,"Crawford, Washington, Franklin",38.08959,-91.1562,America/Chicago
CREATE,CTPPT,65529,655,US,MO,Phelps,37.92393,-91.98636,America/Chicago
CREATE,CTPPT,65560,655,US,MO,"Dent, Crawford, Shannon, Phelps",37.59664,-91.49928,America/Chicago
CREATE,CTPPT,65634,656,US,MO,"Hickory, Benton, Camden",38.02347,-93.19243,America/Chicago
CREATE,CTPPT,65723,657,US,MO,"Lawrence, Newton, Barry",36.96002,-94.04273,America/Chicago
CREATE,CTPPT,65787,657,US,MO,Camden,38.06892,-92.88945,America/Chicago
CREATE,CTPPT,66040,660,US,KS,"Linn, Miami",38.35272,-94.74359,America/Chicago
CREATE,CTPPT,66043,660,US,KS,Leavenworth,39.25162,-94.8784,America/Chicago
CREATE,CTPPT,66073,660,US,KS,Jefferson,39.09016,-95.3763,America/Chicago
CREATE,CTPPT,66208,662,US,KS,Johnson,38.99923,-94.62965,America/Chicago
CREATE,CTPPT,66414,664,US,KS,Osage,38.82943,-95.68859,America/Chicago
CREATE,CTPPT,66431,664,US,KS,"Wabaunsee, Shawnee",38.80471,-96.00433,America/Chicago
CREATE,CTPPT,66509,665,US,KS,Jackson,39.33308,-95.78046,America/Chicago
CREATE,CTPPT,66515,665,US,KS,Brown,39.94204,-95.70344,America/Chicago
CREATE,CTPPT,66528,665,US,KS,"Osage, Franklin",38.59798,-95.53602,America/Chicago
CREATE,CTPPT,66544,665,US,KS,"Marshall, Nemaha",39.6945,-96.27802,America/Chicago
CREATE,CTPPT,66619,666,US,KS,Shawnee,38.94778,-95.68821,America/Chicago
CREATE,CTPPT,66930,669,US,KS,Republic,39.70368,-97.48045,America/Chicago
CREATE,CTPPT,67008,670,US,KS,"Cowley, Butler",37.47776,-96.78489,America/Chicago
CREATE,CTPPT,67047,670,US,KS,"Greenwood, Wilson, Elk",37.62477,-96.04727,America/Chicago
CREATE,CTPPT,67072,670,US,KS,"Butler, Cowley",37.54523,-96.61056,America/Chicago
CREATE,CTPPT,67140,671,US,KS,Sumner,37.07934,-97.35645,America/Chicago
CREATE,CTPPT,67146,671,US,KS,"Cowley, Sumner",37.3894,-97.10311,America/Chicago
CREATE,CTPPT,67416,674,US,KS,Saline,38.67393,-97.58048,America/Chicago
CREATE,CTPPT,67442,674,US,KS,Saline,38.65602,-97.77637,America/Chicago
CREATE,CTPPT,67513,675,US,KS,Rush,38.44699,-99.54501,America/Chicago
CREATE,CTPPT,67552,675,US,KS,Edwards,37.86625,-99.22853,America/Chicago
CREATE,CTPPT,67560,675,US,KS,Ness,38.39492,-99.95133,America/Chicago
CREATE,CTPPT,67643,676,US,KS,Decatur,39.67623,-100.30101,America/Chicago
CREATE,CTPPT,67658,676,US,KS,"Russell, Osborne",39.10589,-98.9312,America/Chicago
CREATE,CTPPT,67675,676,US,KS,Rooks,39.44076,-99.1,America/Chicago
CREATE,CTPPT,67764,677,US,KS,"Logan, Thomas",38.92284,-101.20644,America/Chicago
CREATE,CTPPT,67877,678,US,KS,"Haskell, Seward",37.54986,-100.84549,America/Chicago
CREATE,CTPPT,68045,680,US,NE,"Burt, Cuming",41.8256,-96.49652,America/Chicago
CREATE,CTPPT,68314,683,US,NE,Seward,41.01276,-97.02761,America/Chicago
CREATE,CTPPT,68322,683,US,NE,"Thayer, Fillmore",40.33882,-97.55624,America/Chicago
CREATE,CTPPT,68340,683,US,NE,Thayer,40.13255,-97.74719,America/Chicago
CREATE,CTPPT,68357,683,US,NE,Gage,40.31658,-96.55112,America/Chicago
CREATE,CTPPT,68361,683,US,NE,Fillmore,40.50993,-97.60023,America/Chicago
CREATE,CTPPT,68413,684,US,NE,"Cass, Otoe",40.83779,-96.01229,America/Chicago
CREATE,CTPPT,68452,684,US,NE,Clay,40.39446,-97.85229,America/Chicago
CREATE,CTPPT,68455,684,US,NE,Cass,40.82569,-95.90087,America/Chicago
CREATE,CTPPT,68460,684,US,NE,York,40.89459,-97.43027,America/Chicago
CREATE,CTPPT,68622,686,US,NE,Wheeler,41.94182,-98.58052,America/Chicago
CREATE,CTPPT,68723,687,US,NE,Wayne,42.286,-97.21192,America/Chicago
CREATE,CTPPT,68725,687,US,NE,Holt,42.20223,-98.7771,America/Chicago
CREATE,CTPPT,68756,687,US,NE,Antelope,42.19063,-97.98003,America/Chicago
CREATE,CTPPT,68769,687,US,NE,"Pierce, Antelope",42.32227,-97.81212,America/Chicago
CREATE,CTPPT,68786,687,US,NE,"Knox, Cedar",42.50576,-97.55664,America/Chicago
CREATE,CTPPT,68840,688,US,NE,"Buffalo, Kearney",40.75845,-98.88117,America/Chicago
CREATE,CTPPT,68959,689,US,NE,Kearney,40.48589,-98.91426,America/Chicago
CREATE,CTPPT,68967,689,US,NE,"Furnas, Harlan",40.25369,-99.62433,America/Chicago
CREATE,CTPPT,68980,689,US,NE,"Clay, Adams, Hamilton",40.68125,-98.25261,America/Chicago
CREATE,CTPPT,69041,690,US,NE,Dundy,40.17088,-101.73987,America/Denver
CREATE,CTPPT,69337,693,US,NE,"Dawes, Sheridan",42.82654,-103.01091,America/Denver
CREATE,CTPPT,70339,703,US,LA,"Assumption, St. Martin",29.92366,-91.18158,America/Chicago
CREATE,CTPPT,70611,706,US,LA,Calcasieu,30.34597,-93.20159,America/Chicago
CREATE,CTPPT,70638,706,US,LA,Allen,30.8541,-92.79731,America/Chicago
CREATE,CTPPT,70762,707,US,LA,Pointe Coupee,30.57672,-91.46861,America/Chicago
CREATE,CTPPT,71043,710,US,LA,Caddo,32.88588,-93.88477,America/Chicago
CREATE,CTPPT,71129,711,US,LA,Caddo,32.38799,-93.92385,America/Chicago
CREATE,CTPPT,71220,712,US,LA,Morehouse,32.86485,-91.9114,America/Chicago
CREATE,CTPPT,71253,712,US,LA,West Carroll,32.99119,-91.30936,America/Chicago
CREATE,CTPPT,71351,713,US,LA,"Avoyelles, Rapides",31.17738,-91.96283,America/Chicago
CREATE,CTPPT,71463,714,US,LA,"Allen, Evangeline, Rapides",30.80779,-92.61253,America/Chicago
CREATE,CTPPT,71749,717,US,AR,"Union, Union, Claiborne",33.07169,-92.82023,America/Chicago
CREATE,CTPPT,71823,718,US,AR,Sevier,33.82336,-94.1255,America/Chicago
CREATE,CTPPT,71826,718,US,AR,Lafayette,33.09207,-93.72343,America/Chicago
CREATE,CTPPT,71827,718,US,AR,"Lafayette, Nevada",33.42497,-93.41143,America/Chicago
CREATE,CTPPT,71855,718,US,AR,Hempstead,33.86189,-93.74613,America/Chicago
CREATE,CTPPT,72051,720,US,AR,Stone,35.7885,-92.30834,America/Chicago
CREATE,CTPPT,72157,721,US,AR,Conway,35.27424,-92.55825,America/Chicago
CREATE,CTPPT,72338,723,US,AR,"Mississippi, Tipton",35.43018,-90.12754,America/Chicago
CREATE,CTPPT,72466,724,US,AR,"Lawrence, Sharp",36.05568,-91.32904,America/Chicago
CREATE,CTPPT,72471,724,US,AR,Jackson,35.82507,-91.1178,America/Chicago
CREATE,CTPPT,72472,724,US,AR,Poinsett,35.59605,-90.53588,America/Chicago
CREATE,CTPPT,72565,725,US,AR,Izard,36.21624,-91.90981,America/Chicago
CREATE,CTPPT,72668,726,US,AR,Marion,36.42446,-92.77192,America/Chicago
CREATE,CTPPT,72669,726,US,AR,Searcy,36.06472,-92.87615,America/Chicago
CREATE,CTPPT,72719,727,US,AR,Benton,36.36759,-94.2958,America/Chicago
CREATE,CTPPT,72841,728,US,AR,Scott,34.84201,-93.77213,America/Chicago
CREATE,CTPPT,72853,728,US,AR,"Yell, Perry",35.01934,-93.21305,America/Chicago
CREATE,CTPPT,73024,730,US,OK,Washita,35.35864,-98.7981,America/Chicago
CREATE,CTPPT,73052,730,US,OK,"Garvin, McClain, Grady",34.83152,-97.59585,America/Chicago
CREATE,CTPPT,73090,730,US,OK,Canadian,35.39706,-97.94647,America/Chicago
CREATE,CTPPT,73120,731,US,OK,Oklahoma,35.58047,-97.57223,America/Chicago
CREATE,CTPPT,73149,731,US,OK,"Oklahoma, Cleveland",35.38941,-97.48934,America/Chicago
CREATE,CTPPT,73434,734,US,OK,"Stephens, Garvin",34.62385,-97.58555,America/Chicago
CREATE,CTPPT,73463,734,US,OK,"Carter, Love",34.11237,-97.43373,America/Chicago
CREATE,CTPPT,73505,735,US,OK,Comanche,34.57887,-98.47856,America/Chicago
CREATE,CTPPT,73647,736,US,OK,"Washita, Custer",35.42781,-99.15909,America/Chicago
CREATE,CTPPT,73658,736,US,OK,Dewey,35.94778,-98.73347,America/Chicago
CREATE,CTPPT,73753,737,US,OK,Garfield,36.55168,-97.85715,America/Chicago
CREATE,CTPPT,74134,741,US,OK,Tulsa,36.11164,-95.80388,America/Chicago
CREATE,CTPPT,74361,743,US,OK,Mayes,36.30298,-95.30664,America/Chicago
CREATE,CTPPT,74366,743,US,OK,"Mayes, Delaware",36.39032,-95.04647,America/Chicago
CREATE,CTPPT,74454,744,US,OK,Wagoner,35.85546,-95.51522,America/Chicago
CREATE,CTPPT,74471,744,US,OK,Cherokee,35.83005,-94.86476,America/Chicago
CREATE,CTPPT,74522,745,US,OK,Pittsburg,34.9035,-95.69272,America/Chicago
CREATE,CTPPT,74536,745,US,OK,"Pushmataha, Pittsburg, Latimer",34.56172,-95.4519,America/Chicago
CREATE,CTPPT,74538,745,US,OK,Coal,34.57981,-96.25755,America/Chicago
CREATE,CTPPT,74540,745,US,OK,"Atoka, Pushmataha",34.55688,-95.70263,America/Chicago
CREATE,CTPPT,74637,746,US,OK,Osage,36.57167,-96.6747,America/Chicago
CREATE,CTPPT,74701,747,US,OK,Bryan,34.00732,-96.37812,America/Chicago
CREATE,CTPPT,74747,747,US,OK,Bryan,33.77368,-96.35609,America/Chicago
CREATE,CTPPT,74761,747,US,OK,Choctaw,34.00962,-95.20167,America/Chicago
CREATE,CTPPT,74837,748,US,OK,Seminole,35.35878,-96.45122,America/Chicago
CREATE,CTPPT,75077,750,US,TX,Denton,33.07886,-97.06273,America/Chicago
CREATE,CTPPT,75103,751,US,TX,Van Zandt,32.51192,-95.88235,America/Chicago
CREATE,CTPPT,75110,751,US,TX,Navarro,32.08693,-96.52879,America/Chicago
CREATE,CTPPT,75159,751,US,TX,"Dallas, Kaufman",32.60748,-96.54087,America/Chicago
CREATE,CTPPT,75181,751,US,TX,Dallas,32.72697,-96.55519,America/Chicago
CREATE,CTPPT,75236,752,US,TX,Dallas,32.68557,-96.93576,America/Chicago
CREATE,CTPPT,75453,754,US,TX,"Hunt, Rains, Hopkins",32.99671,-95.93273,America/Chicago
CREATE,CTPPT,75489,754,US,TX,Grayson,33.51926,-96.48429,America/Chicago
CREATE,CTPPT,75565,755,US,TX,Cass,32.93731,-94.0722,America/Chicago
CREATE,CTPPT,75703,757,US,TX,Smith,32.23855,-95.32063,America/Chicago
CREATE,CTPPT,75779,757,US,TX,Anderson,31.86529,-95.48595,America/Chicago
CREATE,CTPPT,75846,758,US,TX,"Leon, Limestone",31.33865,-96.16544,America/Chicago
